IndicatorCode,Indicator,ValueType,ParentLocationCode,ParentLocation,Location type,SpatialDimValueCode,Location,Period type,Period,IsLatestYear,Dim1 type,Dim1,Dim1ValueCode,Dim2 type,Dim2,Dim2ValueCode,Dim3 type,Dim3,Dim3ValueCode,DataSourceDimValueCode,DataSource,FactValueNumericPrefix,FactValueNumeric,FactValueUoM,FactValueNumericLowPrefix,FactValueNumericLow,FactValueNumericHighPrefix,FactValueNumericHigh,Value,FactValueTranslationID,FactComments,Language,DateModified
SA_0000001400,"Alcohol, recorded per capita (15+) consumption (in litres of pure alcohol), by beverage type",numeric,EUR,Europe,Country,ARM,Armenia,Year,2019,false,Beverage Types,Other alcoholic beverages,ALCOHOLTYPE_SA_OTHER_ALCOHOL,,,,,,,DATASOURCE_GISAHARM,"Food and Agriculture Organization of the UN (FAO) 1990-1999; merged (GlobalData, IWSR, OIV) 2000-2020",,0.007,,,,,,0,,,EN,2024-08-11T22:00:00.000Z
SA_0000001400,"Alcohol, recorded per capita (15+) consumption (in litres of pure alcohol), by beverage type",numeric,EUR,Europe,Country,AUT,Austria,Year,2019,false,Beverage Types,Other alcoholic beverages,ALCOHOLTYPE_SA_OTHER_ALCOHOL,,,,,,,DATASOURCE_GISAHAUT,Food and Agriculture Organization of the UN (FAO) 1960-1962; World Dink Trends (WDT) 1963-1999; Handbook on Alcohol 2000-2020,,0,,,,,,0,,,EN,2024-08-11T22:00:00.000Z
SA_0000001400,"Alcohol, recorded per capita (15+) consumption (in litres of pure alcohol), by beverage type",numeric,EUR,Europe,Country,AZE,Azerbaijan,Year,2019,false,Beverage Types,Other alcoholic beverages,ALCOHOLTYPE_SA_OTHER_ALCOHOL,,,,,,,DATASOURCE_GISAHAZE,"Food and Agriculture Organization of the UN (FAO) 1990-1999; merged (GlobalData, IWSR, OIV) 2000-2008; Statistical Yearbook 2009-2020",,0.006,,,,,,0,,,EN,2024-08-11T22:00:00.000Z
SA_0000001400,"Alcohol, recorded per capita (15+) consumption (in litres of pure alcohol), by beverage type",numeric,EUR,Europe,Country,CYP,Cyprus,Year,2019,false,Beverage Types,Other alcoholic beverages,ALCOHOLTYPE_SA_OTHER_ALCOHOL,,,,,,,DATASOURCE_GISAHCYP,World Drink Trends  (WDT) 1961-1999; Statistics Cyprus 2000-2020,,0,,,,,,0,,,EN,2024-08-11T22:00:00.000Z
SA_0000001400,"Alcohol, recorded per capita (15+) consumption (in litres of pure alcohol), by beverage type",numeric,EUR,Europe,Country,CZE,Czechia,Year,2019,false,Beverage Types,Other alcoholic beverages,ALCOHOLTYPE_SA_OTHER_ALCOHOL,,,,,,,DATASOURCE_GISAHCZE,World Drink Trends  (WDT) 1993-1999; Czech Statistical Office 2000-2020,,0,,,,,,0,,,EN,2024-08-11T22:00:00.000Z
SA_0000001400,"Alcohol, recorded per capita (15+) consumption (in litres of pure alcohol), by beverage type",numeric,EUR,Europe,Country,DNK,Denmark,Year,2019,false,Beverage Types,Other alcoholic beverages,ALCOHOLTYPE_SA_OTHER_ALCOHOL,,,,,,,DATASOURCE_GISAHDNK,World Drink Trends  (WDT) 1961-1989; Statistics Denmark 1990-2020,,0,,,,,,0,,,EN,2024-08-11T22:00:00.000Z
SA_0000001400,"Alcohol, recorded per capita (15+) consumption (in litres of pure alcohol), by beverage type",numeric,EUR,Europe,Country,GEO,Georgia,Year,2019,false,Beverage Types,Other alcoholic beverages,ALCOHOLTYPE_SA_OTHER_ALCOHOL,,,,,,,DATASOURCE_GISAHGEO,"Food and Agriculture Organization of the UN (FAO) 1990-1999; merged (GlobalData, IWSR, OIV) 2000-2020",,0.021,,,,,,0,,,EN,2024-08-11T22:00:00.000Z
SA_0000001400,"Alcohol, recorded per capita (15+) consumption (in litres of pure alcohol), by beverage type",numeric,EUR,Europe,Country,DEU,Germany,Year,2019,false,Beverage Types,Other alcoholic beverages,ALCOHOLTYPE_SA_OTHER_ALCOHOL,,,,,,,DATASOURCE_GISAHDEU,World Drink Trends (WDT) 1961-1990; Federal Statistical Office (Destasis) 1991-1999; WHO Global Survey on Alcohol and Health 2000-2004; Federal Statistical Office (Destasis) 2005-2010; Federal Office for Information Security (BSI) 2011-2020,,0,,,,,,0,,,EN,2024-08-11T22:00:00.000Z
SA_0000001400,"Alcohol, recorded per capita (15+) consumption (in litres of pure alcohol), by beverage type",numeric,EUR,Europe,Country,HUN,Hungary,Year,2019,false,Beverage Types,Other alcoholic beverages,ALCOHOLTYPE_SA_OTHER_ALCOHOL,,,,,,,DATASOURCE_GISAHHUN,World Drink Trends (WDT) 1961-1999; WHO Global Survey on Alcohol and Health 2000-2004; Hungarian Central Statistical Office 2005-2020,,0,,,,,,0,,,EN,2024-08-11T22:00:00.000Z
SA_0000001400,"Alcohol, recorded per capita (15+) consumption (in litres of pure alcohol), by beverage type",numeric,EUR,Europe,Country,ISL,Iceland,Year,2019,false,Beverage Types,Other alcoholic beverages,ALCOHOLTYPE_SA_OTHER_ALCOHOL,,,,,,,DATASOURCE_GISAHISL,World Drink Trends  (WDT) 1961-1999; Statistics Iceland 2000-2020,,0,,,,,,0,,,EN,2024-08-11T22:00:00.000Z
SA_0000001400,"Alcohol, recorded per capita (15+) consumption (in litres of pure alcohol), by beverage type",numeric,EUR,Europe,Country,ITA,Italy,Year,2019,false,Beverage Types,Other alcoholic beverages,ALCOHOLTYPE_SA_OTHER_ALCOHOL,,,,,,,DATASOURCE_GISAHITA,World Drink Trends (WDT) 1961-1999; Assobirra 2000-2004; WHO Global Survey on Alcohol and Health 2005-2014; AssoBirra 2015-2020,,0,,,,,,0,,,EN,2024-08-11T22:00:00.000Z
SA_0000001400,"Alcohol, recorded per capita (15+) consumption (in litres of pure alcohol), by beverage type",numeric,EUR,Europe,Country,KAZ,Kazakhstan,Year,2019,false,Beverage Types,Other alcoholic beverages,ALCOHOLTYPE_SA_OTHER_ALCOHOL,,,,,,,DATASOURCE_GISAHKAZ,"Food and Agriculture Organization of the UN (FAO) 1988-1999; merged (GlobalData, IWSR, OIV) 2000-2006; Statistical Yearbook 2007-2020",,0,,,,,,0,,,EN,2024-08-11T22:00:00.000Z
SA_0000001400,"Alcohol, recorded per capita (15+) consumption (in litres of pure alcohol), by beverage type",numeric,EUR,Europe,Country,KGZ,Kyrgyzstan,Year,2019,false,Beverage Types,Other alcoholic beverages,ALCOHOLTYPE_SA_OTHER_ALCOHOL,,,,,,,DATASOURCE_GISAHKGZ,Food and Agriculture Organization of the UN (FAO) 1985 -1999; National Statistical Committee of the Kyrgyz Republic 2000-2020,,0,,,,,,0,,,EN,2024-08-11T22:00:00.000Z
SA_0000001400,"Alcohol, recorded per capita (15+) consumption (in litres of pure alcohol), by beverage type",numeric,EUR,Europe,Country,NLD,Netherlands (Kingdom of the),Year,2019,false,Beverage Types,Other alcoholic beverages,ALCOHOLTYPE_SA_OTHER_ALCOHOL,,,,,,,DATASOURCE_GISAHNLD,World Drink Trends (WDT) 1961-1999; STAP Dutch Institute for Alcohol Policy 2000-2020,,0,,,,,,0,,,EN,2024-08-11T22:00:00.000Z
SA_0000001400,"Alcohol, recorded per capita (15+) consumption (in litres of pure alcohol), by beverage type",numeric,EUR,Europe,Country,MKD,North Macedonia,Year,2019,false,Beverage Types,Other alcoholic beverages,ALCOHOLTYPE_SA_OTHER_ALCOHOL,,,,,,,DATASOURCE_GISAHMKD,"Food and Agriculture Organization of the UN (FAO) 1992-1999; merged (GlobalData, IWSR, OIV) 2000-2020",,0.04,,,,,,0,,,EN,2024-08-11T22:00:00.000Z
SA_0000001400,"Alcohol, recorded per capita (15+) consumption (in litres of pure alcohol), by beverage type",numeric,EUR,Europe,Country,POL,Poland,Year,2019,false,Beverage Types,Other alcoholic beverages,ALCOHOLTYPE_SA_OTHER_ALCOHOL,,,,,,,DATASOURCE_GISAHPOL,World Drink Trends (WDT) 1961-1999; WHO Global Survey on Alcohol and Health 2000-2004; Statistics Poland 2005-2020,,0,,,,,,0,,,EN,2024-08-11T22:00:00.000Z
SA_0000001400,"Alcohol, recorded per capita (15+) consumption (in litres of pure alcohol), by beverage type",numeric,EUR,Europe,Country,ROU,Romania,Year,2019,false,Beverage Types,Other alcoholic beverages,ALCOHOLTYPE_SA_OTHER_ALCOHOL,,,,,,,DATASOURCE_GISAHROU,World Drink Trends (WDT) 1963-1999; National Institute of Statistics 2000-2020,,0,,,,,,0,,,EN,2024-08-11T22:00:00.000Z
SA_0000001400,"Alcohol, recorded per capita (15+) consumption (in litres of pure alcohol), by beverage type",numeric,EUR,Europe,Country,RUS,Russian Federation,Year,2019,false,Beverage Types,Other alcoholic beverages,ALCOHOLTYPE_SA_OTHER_ALCOHOL,,,,,,,DATASOURCE_GISAHRUS,World Drink Trends (WDT) 1963-1999; Russian Statistical Office (ROSSTAT) 2000-2020,,0,,,,,,0,,,EN,2024-08-11T22:00:00.000Z
SA_0000001400,"Alcohol, recorded per capita (15+) consumption (in litres of pure alcohol), by beverage type",numeric,EUR,Europe,Country,SVK,Slovakia,Year,2019,false,Beverage Types,Other alcoholic beverages,ALCOHOLTYPE_SA_OTHER_ALCOHOL,,,,,,,DATASOURCE_GISAHSVK,World Drink Trends (WDT) 1961-1999; Statistics Slovakia (SlovStat) 2000-2020,,0,,,,,,0,,,EN,2024-08-11T22:00:00.000Z
SA_0000001400,"Alcohol, recorded per capita (15+) consumption (in litres of pure alcohol), by beverage type",numeric,EUR,Europe,Country,SVN,Slovenia,Year,2019,false,Beverage Types,Other alcoholic beverages,ALCOHOLTYPE_SA_OTHER_ALCOHOL,,,,,,,DATASOURCE_GISAHSVN,Food and Agriculture Organization of the UN (FAO) 1981-1999; WHO Global Survey on Alcohol and Health 2000-2005; National Institute of Pubic Health 2006-2020,,0,,,,,,0,,,EN,2024-08-11T22:00:00.000Z
SA_0000001400,"Alcohol, recorded per capita (15+) consumption (in litres of pure alcohol), by beverage type",numeric,EUR,Europe,Country,TUR,Türkiye,Year,2019,false,Beverage Types,Other alcoholic beverages,ALCOHOLTYPE_SA_OTHER_ALCOHOL,,,,,,,DATASOURCE_GISAHTUR,"World Drink Trends (WDT) 1961-1999; merged (GlobalData, IWSR, OIV) 2000-2004; Turkish Statistical Institute 2005-2020",,0,,,,,,0,,,EN,2024-08-11T22:00:00.000Z
SA_0000001400,"Alcohol, recorded per capita (15+) consumption (in litres of pure alcohol), by beverage type",numeric,EUR,Europe,Country,TJK,Tajikistan,Year,2019,false,Beverage Types,Other alcoholic beverages,ALCOHOLTYPE_SA_OTHER_ALCOHOL,,,,,,,DATASOURCE_GISAHTJK,"Food and Agriculture Organization of the UN (FAO) 1992-1999; merged (GlobalData, IWSR, OIV) 2000-2020",,0.004,,,,,,0,,,EN,2024-08-11T22:00:00.000Z
SA_0000001400,"Alcohol, recorded per capita (15+) consumption (in litres of pure alcohol), by beverage type",numeric,EUR,Europe,Country,TJK,Tajikistan,Year,2019,false,Beverage Types,Wine,ALCOHOLTYPE_SA_WINE,,,,,,,DATASOURCE_GISAHTJK,"Food and Agriculture Organization of the UN (FAO) 1992-1999; merged (GlobalData, IWSR, OIV) 2000-2020",,0.011,,,,,,0,,,EN,2024-08-11T22:00:00.000Z
SA_0000001400,"Alcohol, recorded per capita (15+) consumption (in litres of pure alcohol), by beverage type",numeric,EUR,Europe,Country,TKM,Turkmenistan,Year,2019,false,Beverage Types,Other alcoholic beverages,ALCOHOLTYPE_SA_OTHER_ALCOHOL,,,,,,,DATASOURCE_GISAHTKM,"Food and Agriculture Organization of the UN (FAO) 1992-1999; merged (GlobalData, IWSR, OIV) 2000-2020",,0.0006,,,,,,0,,,EN,2024-08-11T22:00:00.000Z
SA_0000001400,"Alcohol, recorded per capita (15+) consumption (in litres of pure alcohol), by beverage type",numeric,EUR,Europe,Country,UKR,Ukraine,Year,2019,false,Beverage Types,Other alcoholic beverages,ALCOHOLTYPE_SA_OTHER_ALCOHOL,,,,,,,DATASOURCE_GISAHUKR,"World Drink Trends (WDT) 1975, 1980-1990; Food and Agriculture Organization of the UN (FAO) 1991-1999; merged (GlobalData, IWSR, OIV, Statistics Ukraine) 2000-2020",,0.047,,,,,,0,,,EN,2024-08-11T22:00:00.000Z
SA_0000001400,"Alcohol, recorded per capita (15+) consumption (in litres of pure alcohol), by beverage type",numeric,EUR,Europe,Country,UZB,Uzbekistan,Year,2019,false,Beverage Types,Other alcoholic beverages,ALCOHOLTYPE_SA_OTHER_ALCOHOL,,,,,,,DATASOURCE_GISAHUZB,"Food and Agriculture Organization of the UN (FAO) 1992-1999; merged (GlobalData, IWSR, OIV) 2000-2020",,0,,,,,,0,,,EN,2024-08-11T22:00:00.000Z
SA_0000001400,"Alcohol, recorded per capita (15+) consumption (in litres of pure alcohol), by beverage type",numeric,EUR,Europe,Country,ALB,Albania,Year,2019,false,Beverage Types,Other alcoholic beverages,ALCOHOLTYPE_SA_OTHER_ALCOHOL,,,,,,,DATASOURCE_GISAHALB,"Food and Agriculture Organization of the UN (FAO) 1962-1999; merged (GlobalData, IWSR, OIV) 2000-2020",,0.079,,,,,,0.1,,,EN,2024-08-11T22:00:00.000Z
SA_0000001400,"Alcohol, recorded per capita (15+) consumption (in litres of pure alcohol), by beverage type",numeric,EUR,Europe,Country,AZE,Azerbaijan,Year,2019,false,Beverage Types,Wine,ALCOHOLTYPE_SA_WINE,,,,,,,DATASOURCE_GISAHAZE,"Food and Agriculture Organization of the UN (FAO) 1990-1999; merged (GlobalData, IWSR, OIV) 2000-2008; Statistical Yearbook 2009-2020",,0.11,,,,,,0.1,,,EN,2024-08-11T22:00:00.000Z
SA_0000001400,"Alcohol, recorded per capita (15+) consumption (in litres of pure alcohol), by beverage type",numeric,EUR,Europe,Country,GRC,Greece,Year,2019,false,Beverage Types,Other alcoholic beverages,ALCOHOLTYPE_SA_OTHER_ALCOHOL,,,,,,,DATASOURCE_GISAHGRC,"World Drink Trends (WDT) 1961-1999; merged (GlobalData, IWSR, OIV) 2000-2020",,0.098,,,,,,0.1,,,EN,2024-08-11T22:00:00.000Z
SA_0000001400,"Alcohol, recorded per capita (15+) consumption (in litres of pure alcohol), by beverage type",numeric,EUR,Europe,Country,ISR,Israel,Year,2019,false,Beverage Types,Other alcoholic beverages,ALCOHOLTYPE_SA_OTHER_ALCOHOL,,,,,,,DATASOURCE_GISAHISR,"Food and Agriculture Organization of the UN (FAO) 1961-1999; merged (GlobalData, IWSR, OIV) 2000-2020",,0.064,,,,,,0.1,,,EN,2024-08-11T22:00:00.000Z
SA_0000001400,"Alcohol, recorded per capita (15+) consumption (in litres of pure alcohol), by beverage type",numeric,EUR,Europe,Country,ISR,Israel,Year,2019,false,Beverage Types,Wine,ALCOHOLTYPE_SA_WINE,,,,,,,DATASOURCE_GISAHISR,"Food and Agriculture Organization of the UN (FAO) 1961-1999; merged (GlobalData, IWSR, OIV) 2000-2020",,0.077,,,,,,0.1,,,EN,2024-08-11T22:00:00.000Z
SA_0000001400,"Alcohol, recorded per capita (15+) consumption (in litres of pure alcohol), by beverage type",numeric,EUR,Europe,Country,LUX,Luxembourg,Year,2019,false,Beverage Types,Other alcoholic beverages,ALCOHOLTYPE_SA_OTHER_ALCOHOL,,,,,,,DATASOURCE_GISAHLUX,Food and Agriculture Organization of the UN (FAO) 1961-1999; Average of France and Germany consumption 2000-2020,,0.09,,,,,,0.1,,,EN,2024-08-11T22:00:00.000Z
SA_0000001400,"Alcohol, recorded per capita (15+) consumption (in litres of pure alcohol), by beverage type",numeric,EUR,Europe,Country,SWE,Sweden,Year,2019,false,Beverage Types,Other alcoholic beverages,ALCOHOLTYPE_SA_OTHER_ALCOHOL,,,,,,,DATASOURCE_GISAHSWE,World Drink Trends (WDT) 1961-1999; Central Association for Alcohol and Drug Information 2000-2020,,0.13,,,,,,0.1,,,EN,2024-08-11T22:00:00.000Z
SA_0000001400,"Alcohol, recorded per capita (15+) consumption (in litres of pure alcohol), by beverage type",numeric,EUR,Europe,Country,CHE,Switzerland,Year,2019,false,Beverage Types,Other alcoholic beverages,ALCOHOLTYPE_SA_OTHER_ALCOHOL,,,,,,,DATASOURCE_GISAHCHE,World Drink Trends (WDT) 1961-1999; Federal Customs Administration 2000-2020,,0.12,,,,,,0.1,,,EN,2024-08-11T22:00:00.000Z
SA_0000001400,"Alcohol, recorded per capita (15+) consumption (in litres of pure alcohol), by beverage type",numeric,EUR,Europe,Country,UZB,Uzbekistan,Year,2019,false,Beverage Types,Wine,ALCOHOLTYPE_SA_WINE,,,,,,,DATASOURCE_GISAHUZB,"Food and Agriculture Organization of the UN (FAO) 1992-1999; merged (GlobalData, IWSR, OIV) 2000-2020",,0.085,,,,,,0.1,,,EN,2024-08-11T22:00:00.000Z
SA_0000001400,"Alcohol, recorded per capita (15+) consumption (in litres of pure alcohol), by beverage type",numeric,EUR,Europe,Country,AND,Andorra,Year,2019,false,Beverage Types,Other alcoholic beverages,ALCOHOLTYPE_SA_OTHER_ALCOHOL,,,,,,,DATASOURCE_GISAHAND,Average of France and Spain consumption 2000-2020,,0.18,,,,,,0.2,,,EN,2024-08-11T22:00:00.000Z
SA_0000001400,"Alcohol, recorded per capita (15+) consumption (in litres of pure alcohol), by beverage type",numeric,EUR,Europe,Country,BIH,Bosnia and Herzegovina,Year,2019,false,Beverage Types,Other alcoholic beverages,ALCOHOLTYPE_SA_OTHER_ALCOHOL,,,,,,,DATASOURCE_GISAHBIH,"Food and Agriculture Organization of the UN (FAO) 1987-1999; merged (GlobalData, IWSR, OIV) 2000-2020",,0.17,,,,,,0.2,,,EN,2024-08-11T22:00:00.000Z
SA_0000001400,"Alcohol, recorded per capita (15+) consumption (in litres of pure alcohol), by beverage type",numeric,EUR,Europe,Country,BGR,Bulgaria,Year,2019,false,Beverage Types,Other alcoholic beverages,ALCOHOLTYPE_SA_OTHER_ALCOHOL,,,,,,,DATASOURCE_GISAHBGR,"World Drink Trends (WDT) 1963-1999; merged (GlobalData, IWSR, OIV) 2000-2020",,0.21,,,,,,0.2,,,EN,2024-08-11T22:00:00.000Z
SA_0000001400,"Alcohol, recorded per capita (15+) consumption (in litres of pure alcohol), by beverage type",numeric,EUR,Europe,Country,FRA,France,Year,2019,false,Beverage Types,Other alcoholic beverages,ALCOHOLTYPE_SA_OTHER_ALCOHOL,,,,,,,DATASOURCE_GISAHFRA,World Drink Trends (WDT) 1961-1999; National Institute of Statistics and Economic Studies / French Monitoring Centre for Drugs and Drug Addiction (OFTD) 2000-2020,,0.18,,,,,,0.2,,,EN,2024-08-11T22:00:00.000Z
SA_0000001400,"Alcohol, recorded per capita (15+) consumption (in litres of pure alcohol), by beverage type",numeric,EUR,Europe,Country,KAZ,Kazakhstan,Year,2019,false,Beverage Types,Wine,ALCOHOLTYPE_SA_WINE,,,,,,,DATASOURCE_GISAHKAZ,"Food and Agriculture Organization of the UN (FAO) 1988-1999; merged (GlobalData, IWSR, OIV) 2000-2006; Statistical Yearbook 2007-2020",,0.17,,,,,,0.2,,,EN,2024-08-11T22:00:00.000Z
SA_0000001400,"Alcohol, recorded per capita (15+) consumption (in litres of pure alcohol), by beverage type",numeric,EUR,Europe,Country,NOR,Norway,Year,2019,false,Beverage Types,Other alcoholic beverages,ALCOHOLTYPE_SA_OTHER_ALCOHOL,,,,,,,DATASOURCE_GISAHNOR,"World Drink Trends (WDT) 1961-1966; Norwegian Institute for Alcohol and Drug Research (SIRUS) 1967-1980; Statistics Norway 1981-1999; WHO Global Survey on Alcohol and Health 2000-2004, Statistics Norway 2005-2020",,0.18,,,,,,0.2,,,EN,2024-08-11T22:00:00.000Z
SA_0000001400,"Alcohol, recorded per capita (15+) consumption (in litres of pure alcohol), by beverage type",numeric,EUR,Europe,Country,MDA,Republic of Moldova,Year,2019,false,Beverage Types,Other alcoholic beverages,ALCOHOLTYPE_SA_OTHER_ALCOHOL,,,,,,,DATASOURCE_GISAHMDA,"Food and Agriculture Organization of the UN (FAO) 1992-1999; merged (GlobalData, IWSR, OIV, Statistical Yearbook of the Republic of Moldova) 2000-2020",,0.16,,,,,,0.2,,,EN,2024-08-11T22:00:00.000Z
SA_0000001400,"Alcohol, recorded per capita (15+) consumption (in litres of pure alcohol), by beverage type",numeric,EUR,Europe,Country,ESP,Spain,Year,2019,false,Beverage Types,Other alcoholic beverages,ALCOHOLTYPE_SA_OTHER_ALCOHOL,,,,,,,DATASOURCE_GISAHESP,"World Drink Trends (WDT) 1962-1999; merged (Spanish Tax Agency, WHO Global Survey on Alcohol and Health) 2000-2014; Spanish Tax Agency 2015-2020",,0.19,,,,,,0.2,,,EN,2024-08-11T22:00:00.000Z
SA_0000001400,"Alcohol, recorded per capita (15+) consumption (in litres of pure alcohol), by beverage type",numeric,EUR,Europe,Country,TUR,Türkiye,Year,2019,false,Beverage Types,Wine,ALCOHOLTYPE_SA_WINE,,,,,,,DATASOURCE_GISAHTUR,"World Drink Trends (WDT) 1961-1999; merged (GlobalData, IWSR, OIV) 2000-2004; Turkish Statistical Institute 2005-2020",,0.16,,,,,,0.2,,,EN,2024-08-11T22:00:00.000Z
SA_0000001400,"Alcohol, recorded per capita (15+) consumption (in litres of pure alcohol), by beverage type",numeric,EUR,Europe,Country,UZB,Uzbekistan,Year,2019,false,Beverage Types,Beer,ALCOHOLTYPE_SA_BEER,,,,,,,DATASOURCE_GISAHUZB,"Food and Agriculture Organization of the UN (FAO) 1992-1999; merged (GlobalData, IWSR, OIV) 2000-2020",,0.2,,,,,,0.2,,,EN,2024-08-11T22:00:00.000Z
SA_0000001400,"Alcohol, recorded per capita (15+) consumption (in litres of pure alcohol), by beverage type",numeric,EUR,Europe,Country,AZE,Azerbaijan,Year,2019,false,Beverage Types,Beer,ALCOHOLTYPE_SA_BEER,,,,,,,DATASOURCE_GISAHAZE,"Food and Agriculture Organization of the UN (FAO) 1990-1999; merged (GlobalData, IWSR, OIV) 2000-2008; Statistical Yearbook 2009-2020",,0.34,,,,,,0.3,,,EN,2024-08-11T22:00:00.000Z
SA_0000001400,"Alcohol, recorded per capita (15+) consumption (in litres of pure alcohol), by beverage type",numeric,EUR,Europe,Country,BEL,Belgium,Year,2019,false,Beverage Types,Other alcoholic beverages,ALCOHOLTYPE_SA_OTHER_ALCOHOL,,,,,,,DATASOURCE_GISAHBEL,"World Drink Trend (WDT) 1963-1999; FAO 2000-2007; merged (Belgium Tax Administration Department, WHO Global Survey on Alcohol and Health) 2008-2020",,0.32,,,,,,0.3,,,EN,2024-08-11T22:00:00.000Z
SA_0000001400,"Alcohol, recorded per capita (15+) consumption (in litres of pure alcohol), by beverage type",numeric,EUR,Europe,Country,KGZ,Kyrgyzstan,Year,2019,false,Beverage Types,Wine,ALCOHOLTYPE_SA_WINE,,,,,,,DATASOURCE_GISAHKGZ,Food and Agriculture Organization of the UN (FAO) 1985 -1999; National Statistical Committee of the Kyrgyz Republic 2000-2020,,0.25,,,,,,0.3,,,EN,2024-08-11T22:00:00.000Z
SA_0000001400,"Alcohol, recorded per capita (15+) consumption (in litres of pure alcohol), by beverage type",numeric,EUR,Europe,Country,UKR,Ukraine,Year,2019,false,Beverage Types,Wine,ALCOHOLTYPE_SA_WINE,,,,,,,DATASOURCE_GISAHUKR,"World Drink Trends (WDT) 1975, 1980-1990; Food and Agriculture Organization of the UN (FAO) 1991-1999; merged (GlobalData, IWSR, OIV, Statistics Ukraine) 2000-2020",,0.31,,,,,,0.3,,,EN,2024-08-11T22:00:00.000Z
SA_0000001400,"Alcohol, recorded per capita (15+) consumption (in litres of pure alcohol), by beverage type",numeric,EUR,Europe,Country,ARM,Armenia,Year,2019,false,Beverage Types,Wine,ALCOHOLTYPE_SA_WINE,,,,,,,DATASOURCE_GISAHARM,"Food and Agriculture Organization of the UN (FAO) 1990-1999; merged (GlobalData, IWSR, OIV) 2000-2020",,0.39,,,,,,0.4,,,EN,2024-08-11T22:00:00.000Z
SA_0000001400,"Alcohol, recorded per capita (15+) consumption (in litres of pure alcohol), by beverage type",numeric,EUR,Europe,Country,AZE,Azerbaijan,Year,2019,false,Beverage Types,Spirits,ALCOHOLTYPE_SA_SPIRITS,,,,,,,DATASOURCE_GISAHAZE,"Food and Agriculture Organization of the UN (FAO) 1990-1999; merged (GlobalData, IWSR, OIV) 2000-2008; Statistical Yearbook 2009-2020",,0.42,,,,,,0.4,,,EN,2024-08-11T22:00:00.000Z
SA_0000001400,"Alcohol, recorded per capita (15+) consumption (in litres of pure alcohol), by beverage type",numeric,EUR,Europe,Country,HRV,Croatia,Year,2019,false,Beverage Types,Other alcoholic beverages,ALCOHOLTYPE_SA_OTHER_ALCOHOL,,,,,,,DATASOURCE_GISAHHRV,"Food and Agriculture Organization of the UN (FAO) 1987-1999; merged (GlobalData, IWSR, OIV) 2000-2020",,0.43,,,,,,0.4,,,EN,2024-08-11T22:00:00.000Z
SA_0000001400,"Alcohol, recorded per capita (15+) consumption (in litres of pure alcohol), by beverage type",numeric,EUR,Europe,Country,PRT,Portugal,Year,2019,false,Beverage Types,Other alcoholic beverages,ALCOHOLTYPE_SA_OTHER_ALCOHOL,,,,,,,DATASOURCE_GISAHPRT,World Drink Trends (WDT) 1963-1999; Statistics Portugal 2000-2020,,0.37,,,,,,0.4,,,EN,2024-08-11T22:00:00.000Z
SA_0000001400,"Alcohol, recorded per capita (15+) consumption (in litres of pure alcohol), by beverage type",numeric,EUR,Europe,Country,TUR,Türkiye,Year,2019,false,Beverage Types,Spirits,ALCOHOLTYPE_SA_SPIRITS,,,,,,,DATASOURCE_GISAHTUR,"World Drink Trends (WDT) 1961-1999; merged (GlobalData, IWSR, OIV) 2000-2004; Turkish Statistical Institute 2005-2020",,0.39,,,,,,0.4,,,EN,2024-08-11T22:00:00.000Z
SA_0000001400,"Alcohol, recorded per capita (15+) consumption (in litres of pure alcohol), by beverage type",numeric,EUR,Europe,Country,TJK,Tajikistan,Year,2019,false,Beverage Types,Beer,ALCOHOLTYPE_SA_BEER,,,,,,,DATASOURCE_GISAHTJK,"Food and Agriculture Organization of the UN (FAO) 1992-1999; merged (GlobalData, IWSR, OIV) 2000-2020",,0.38,,,,,,0.4,,,EN,2024-08-11T22:00:00.000Z
SA_0000001400,"Alcohol, recorded per capita (15+) consumption (in litres of pure alcohol), by beverage type",numeric,EUR,Europe,Country,BIH,Bosnia and Herzegovina,Year,2019,false,Beverage Types,Wine,ALCOHOLTYPE_SA_WINE,,,,,,,DATASOURCE_GISAHBIH,"Food and Agriculture Organization of the UN (FAO) 1987-1999; merged (GlobalData, IWSR, OIV) 2000-2020",,0.49,,,,,,0.5,,,EN,2024-08-11T22:00:00.000Z
SA_0000001400,"Alcohol, recorded per capita (15+) consumption (in litres of pure alcohol), by beverage type",numeric,EUR,Europe,Country,KGZ,Kyrgyzstan,Year,2019,false,Beverage Types,Beer,ALCOHOLTYPE_SA_BEER,,,,,,,DATASOURCE_GISAHKGZ,Food and Agriculture Organization of the UN (FAO) 1985 -1999; National Statistical Committee of the Kyrgyz Republic 2000-2020,,0.45,,,,,,0.5,,,EN,2024-08-11T22:00:00.000Z
SA_0000001400,"Alcohol, recorded per capita (15+) consumption (in litres of pure alcohol), by beverage type",numeric,EUR,Europe,Country,LTU,Lithuania,Year,2019,false,Beverage Types,Other alcoholic beverages,ALCOHOLTYPE_SA_OTHER_ALCOHOL,,,,,,,DATASOURCE_GISAHLTU,Food and Agriculture Organization of the UN (FAO) 1984-1999; WHO Global Survey on Alcohol and Health 2000-2004; Statistics Lithuania 2005-2020,,0.5,,,,,,0.5,,,EN,2024-08-11T22:00:00.000Z
SA_0000001400,"Alcohol, recorded per capita (15+) consumption (in litres of pure alcohol), by beverage type",numeric,EUR,Europe,Country,MLT,Malta,Year,2019,false,Beverage Types,Other alcoholic beverages,ALCOHOLTYPE_SA_OTHER_ALCOHOL,,,,,,,DATASOURCE_GISAHMLT,"Food and Agriculture Organization of the UN (FAO) 1961-1987; World Drink Trends (WDT) 1988-1999; merged (GlobalData, IWSR, OIV) 2000-2020",,0.54,,,,,,0.5,,,EN,2024-08-11T22:00:00.000Z
SA_0000001400,"Alcohol, recorded per capita (15+) consumption (in litres of pure alcohol), by beverage type",numeric,EUR,Europe,Country,TJK,Tajikistan,Year,2019,false,Beverage Types,Spirits,ALCOHOLTYPE_SA_SPIRITS,,,,,,,DATASOURCE_GISAHTJK,"Food and Agriculture Organization of the UN (FAO) 1992-1999; merged (GlobalData, IWSR, OIV) 2000-2020",,0.47,,,,,,0.5,,,EN,2024-08-11T22:00:00.000Z
SA_0000001400,"Alcohol, recorded per capita (15+) consumption (in litres of pure alcohol), by beverage type",numeric,EUR,Europe,Country,BIH,Bosnia and Herzegovina,Year,2019,false,Beverage Types,Spirits,ALCOHOLTYPE_SA_SPIRITS,,,,,,,DATASOURCE_GISAHBIH,"Food and Agriculture Organization of the UN (FAO) 1987-1999; merged (GlobalData, IWSR, OIV) 2000-2020",,0.61,,,,,,0.6,,,EN,2024-08-11T22:00:00.000Z
SA_0000001400,"Alcohol, recorded per capita (15+) consumption (in litres of pure alcohol), by beverage type",numeric,EUR,Europe,Country,GBR,United Kingdom of Great Britain and Northern Ireland,Year,2019,false,Beverage Types,Other alcoholic beverages,ALCOHOLTYPE_SA_OTHER_ALCOHOL,,,,,,,DATASOURCE_GISAHGBR,World Drink Trends (WDT) 1961-1999; HM Revenue and Customs 2000-2020,,0.63,,,,,,0.6,,,EN,2024-08-11T22:00:00.000Z
SA_0000001400,"Alcohol, recorded per capita (15+) consumption (in litres of pure alcohol), by beverage type",numeric,EUR,Europe,Country,TUR,Türkiye,Year,2019,false,Beverage Types,Beer,ALCOHOLTYPE_SA_BEER,,,,,,,DATASOURCE_GISAHTUR,"World Drink Trends (WDT) 1961-1999; merged (GlobalData, IWSR, OIV) 2000-2004; Turkish Statistical Institute 2005-2020",,0.72,,,,,,0.7,,,EN,2024-08-11T22:00:00.000Z
SA_0000001400,"Alcohol, recorded per capita (15+) consumption (in litres of pure alcohol), by beverage type",numeric,EUR,Europe,Country,TKM,Turkmenistan,Year,2019,false,Beverage Types,Beer,ALCOHOLTYPE_SA_BEER,,,,,,,DATASOURCE_GISAHTKM,"Food and Agriculture Organization of the UN (FAO) 1992-1999; merged (GlobalData, IWSR, OIV) 2000-2020",,0.66,,,,,,0.7,,,EN,2024-08-11T22:00:00.000Z
SA_0000001400,"Alcohol, recorded per capita (15+) consumption (in litres of pure alcohol), by beverage type",numeric,EUR,Europe,Country,ARM,Armenia,Year,2019,false,Beverage Types,Beer,ALCOHOLTYPE_SA_BEER,,,,,,,DATASOURCE_GISAHARM,"Food and Agriculture Organization of the UN (FAO) 1990-1999; merged (GlobalData, IWSR, OIV) 2000-2020",,0.83,,,,,,0.8,,,EN,2024-08-11T22:00:00.000Z
SA_0000001400,"Alcohol, recorded per capita (15+) consumption (in litres of pure alcohol), by beverage type",numeric,EUR,Europe,Country,IRL,Ireland,Year,2019,false,Beverage Types,Other alcoholic beverages,ALCOHOLTYPE_SA_OTHER_ALCOHOL,,,,,,,DATASOURCE_GISAHIRL,World Drink Trends (WDT) 1961-1999; Office of the Revenue Commissioners 2000-2020,,0.84,,,,,,0.8,,,EN,2024-08-11T22:00:00.000Z
SA_0000001400,"Alcohol, recorded per capita (15+) consumption (in litres of pure alcohol), by beverage type",numeric,EUR,Europe,Country,ITA,Italy,Year,2019,false,Beverage Types,Spirits,ALCOHOLTYPE_SA_SPIRITS,,,,,,,DATASOURCE_GISAHITA,World Drink Trends (WDT) 1961-1999; Assobirra 2000-2004; WHO Global Survey on Alcohol and Health 2005-2014; AssoBirra 2015-2020,,0.8,,,,,,0.8,,,EN,2024-08-11T22:00:00.000Z
SA_0000001400,"Alcohol, recorded per capita (15+) consumption (in litres of pure alcohol), by beverage type",numeric,EUR,Europe,Country,LTU,Lithuania,Year,2019,false,Beverage Types,Wine,ALCOHOLTYPE_SA_WINE,,,,,,,DATASOURCE_GISAHLTU,Food and Agriculture Organization of the UN (FAO) 1984-1999; WHO Global Survey on Alcohol and Health 2000-2004; Statistics Lithuania 2005-2020,,0.84,,,,,,0.8,,,EN,2024-08-11T22:00:00.000Z
SA_0000001400,"Alcohol, recorded per capita (15+) consumption (in litres of pure alcohol), by beverage type",numeric,EUR,Europe,Country,AZE,Azerbaijan,Year,2019,false,Beverage Types,All types,ALCOHOLTYPE_SA_TOTAL,,,,,,,DATASOURCE_GISAHAZE,"Food and Agriculture Organization of the UN (FAO) 1990-1999; merged (GlobalData, IWSR, OIV) 2000-2008; Statistical Yearbook 2009-2020",,0.88,,,,,,0.9,,,EN,2024-08-11T22:00:00.000Z
SA_0000001400,"Alcohol, recorded per capita (15+) consumption (in litres of pure alcohol), by beverage type",numeric,EUR,Europe,Country,BLR,Belarus,Year,2019,false,Beverage Types,Wine,ALCOHOLTYPE_SA_WINE,,,,,,,DATASOURCE_GISAHBLR,Food and Agriculture Organization of the UN (FAO) 1980-1999; WHO Global Survey on Alcohol and Health 2000-2004; Statistical Yearbook 2005-2020,,0.91,,,,,,0.9,,,EN,2024-08-11T22:00:00.000Z
SA_0000001400,"Alcohol, recorded per capita (15+) consumption (in litres of pure alcohol), by beverage type",numeric,EUR,Europe,Country,LVA,Latvia,Year,2019,false,Beverage Types,Other alcoholic beverages,ALCOHOLTYPE_SA_OTHER_ALCOHOL,,,,,,,DATASOURCE_GISAHLVA,World Drink Trends (WDT) 1980-1999; Center for Disease Prevention and Control (SPKC) 2000-2020,,0.93,,,,,,0.9,,,EN,2024-08-11T22:00:00.000Z
SA_0000001400,"Alcohol, recorded per capita (15+) consumption (in litres of pure alcohol), by beverage type",numeric,EUR,Europe,Country,MKD,North Macedonia,Year,2019,false,Beverage Types,Spirits,ALCOHOLTYPE_SA_SPIRITS,,,,,,,DATASOURCE_GISAHMKD,"Food and Agriculture Organization of the UN (FAO) 1992-1999; merged (GlobalData, IWSR, OIV) 2000-2020",,0.88,,,,,,0.9,,,EN,2024-08-11T22:00:00.000Z
SA_0000001400,"Alcohol, recorded per capita (15+) consumption (in litres of pure alcohol), by beverage type",numeric,EUR,Europe,Country,POL,Poland,Year,2019,false,Beverage Types,Wine,ALCOHOLTYPE_SA_WINE,,,,,,,DATASOURCE_GISAHPOL,World Drink Trends (WDT) 1961-1999; WHO Global Survey on Alcohol and Health 2000-2004; Statistics Poland 2005-2020,,0.87,,,,,,0.9,,,EN,2024-08-11T22:00:00.000Z
SA_0000001400,"Alcohol, recorded per capita (15+) consumption (in litres of pure alcohol), by beverage type",numeric,EUR,Europe,Country,TJK,Tajikistan,Year,2019,false,Beverage Types,All types,ALCOHOLTYPE_SA_TOTAL,,,,,,,DATASOURCE_GISAHTJK,"Food and Agriculture Organization of the UN (FAO) 1992-1999; merged (GlobalData, IWSR, OIV) 2000-2020",,0.86,,,,,,0.9,,,EN,2024-08-11T22:00:00.000Z
SA_0000001400,"Alcohol, recorded per capita (15+) consumption (in litres of pure alcohol), by beverage type",numeric,EUR,Europe,Country,MKD,North Macedonia,Year,2019,false,Beverage Types,Wine,ALCOHOLTYPE_SA_WINE,,,,,,,DATASOURCE_GISAHMKD,"Food and Agriculture Organization of the UN (FAO) 1992-1999; merged (GlobalData, IWSR, OIV) 2000-2020",,1.04,,,,,,1,,,EN,2024-08-11T22:00:00.000Z
SA_0000001400,"Alcohol, recorded per capita (15+) consumption (in litres of pure alcohol), by beverage type",numeric,EUR,Europe,Country,NOR,Norway,Year,2019,false,Beverage Types,Spirits,ALCOHOLTYPE_SA_SPIRITS,,,,,,,DATASOURCE_GISAHNOR,"World Drink Trends (WDT) 1961-1966; Norwegian Institute for Alcohol and Drug Research (SIRUS) 1967-1980; Statistics Norway 1981-1999; WHO Global Survey on Alcohol and Health 2000-2004, Statistics Norway 2005-2020",,0.99,,,,,,1,,,EN,2024-08-11T22:00:00.000Z
SA_0000001400,"Alcohol, recorded per capita (15+) consumption (in litres of pure alcohol), by beverage type",numeric,EUR,Europe,Country,SWE,Sweden,Year,2019,false,Beverage Types,Spirits,ALCOHOLTYPE_SA_SPIRITS,,,,,,,DATASOURCE_GISAHSWE,World Drink Trends (WDT) 1961-1999; Central Association for Alcohol and Drug Information 2000-2020,,1,,,,,,1,,,EN,2024-08-11T22:00:00.000Z
SA_0000001400,"Alcohol, recorded per capita (15+) consumption (in litres of pure alcohol), by beverage type",numeric,EUR,Europe,Country,TKM,Turkmenistan,Year,2019,false,Beverage Types,Spirits,ALCOHOLTYPE_SA_SPIRITS,,,,,,,DATASOURCE_GISAHTKM,"Food and Agriculture Organization of the UN (FAO) 1992-1999; merged (GlobalData, IWSR, OIV) 2000-2020",,1.05,,,,,,1,,,EN,2024-08-11T22:00:00.000Z
SA_0000001400,"Alcohol, recorded per capita (15+) consumption (in litres of pure alcohol), by beverage type",numeric,EUR,Europe,Country,ALB,Albania,Year,2019,false,Beverage Types,Wine,ALCOHOLTYPE_SA_WINE,,,,,,,DATASOURCE_GISAHALB,"Food and Agriculture Organization of the UN (FAO) 1962-1999; merged (GlobalData, IWSR, OIV) 2000-2020",,1.08,,,,,,1.1,,,EN,2024-08-11T22:00:00.000Z
SA_0000001400,"Alcohol, recorded per capita (15+) consumption (in litres of pure alcohol), by beverage type",numeric,EUR,Europe,Country,BEL,Belgium,Year,2019,false,Beverage Types,Spirits,ALCOHOLTYPE_SA_SPIRITS,,,,,,,DATASOURCE_GISAHBEL,"World Drink Trend (WDT) 1963-1999; FAO 2000-2007; merged (Belgium Tax Administration Department, WHO Global Survey on Alcohol and Health) 2008-2020",,1.1,,,,,,1.1,,,EN,2024-08-11T22:00:00.000Z
SA_0000001400,"Alcohol, recorded per capita (15+) consumption (in litres of pure alcohol), by beverage type",numeric,EUR,Europe,Country,EST,Estonia,Year,2019,false,Beverage Types,Other alcoholic beverages,ALCOHOLTYPE_SA_OTHER_ALCOHOL,,,,,,,DATASOURCE_GISAHEST,World Drink Trends  (WDT) 1990-1999; Estonian Institute of Economic Research 2000-2020,,1.15,,,,,,1.1,,,EN,2024-08-11T22:00:00.000Z
SA_0000001400,"Alcohol, recorded per capita (15+) consumption (in litres of pure alcohol), by beverage type",numeric,EUR,Europe,Country,RUS,Russian Federation,Year,2019,false,Beverage Types,Wine,ALCOHOLTYPE_SA_WINE,,,,,,,DATASOURCE_GISAHRUS,World Drink Trends (WDT) 1963-1999; Russian Statistical Office (ROSSTAT) 2000-2020,,1.1,,,,,,1.1,,,EN,2024-08-11T22:00:00.000Z
SA_0000001400,"Alcohol, recorded per capita (15+) consumption (in litres of pure alcohol), by beverage type",numeric,EUR,Europe,Country,SVN,Slovenia,Year,2019,false,Beverage Types,Spirits,ALCOHOLTYPE_SA_SPIRITS,,,,,,,DATASOURCE_GISAHSVN,Food and Agriculture Organization of the UN (FAO) 1981-1999; WHO Global Survey on Alcohol and Health 2000-2005; National Institute of Pubic Health 2006-2020,,1.13,,,,,,1.1,,,EN,2024-08-11T22:00:00.000Z
SA_0000001400,"Alcohol, recorded per capita (15+) consumption (in litres of pure alcohol), by beverage type",numeric,EUR,Europe,Country,ISL,Iceland,Year,2019,false,Beverage Types,Spirits,ALCOHOLTYPE_SA_SPIRITS,,,,,,,DATASOURCE_GISAHISL,World Drink Trends  (WDT) 1961-1999; Statistics Iceland 2000-2020,,1.24,,,,,,1.2,,,EN,2024-08-11T22:00:00.000Z
SA_0000001400,"Alcohol, recorded per capita (15+) consumption (in litres of pure alcohol), by beverage type",numeric,EUR,Europe,Country,ISR,Israel,Year,2019,false,Beverage Types,Spirits,ALCOHOLTYPE_SA_SPIRITS,,,,,,,DATASOURCE_GISAHISR,"Food and Agriculture Organization of the UN (FAO) 1961-1999; merged (GlobalData, IWSR, OIV) 2000-2020",,1.15,,,,,,1.2,,,EN,2024-08-11T22:00:00.000Z
SA_0000001400,"Alcohol, recorded per capita (15+) consumption (in litres of pure alcohol), by beverage type",numeric,EUR,Europe,Country,TKM,Turkmenistan,Year,2019,false,Beverage Types,Wine,ALCOHOLTYPE_SA_WINE,,,,,,,DATASOURCE_GISAHTKM,"Food and Agriculture Organization of the UN (FAO) 1992-1999; merged (GlobalData, IWSR, OIV) 2000-2020",,1.15,,,,,,1.2,,,EN,2024-08-11T22:00:00.000Z
SA_0000001400,"Alcohol, recorded per capita (15+) consumption (in litres of pure alcohol), by beverage type",numeric,EUR,Europe,Country,FIN,Finland,Year,2019,false,Beverage Types,Other alcoholic beverages,ALCOHOLTYPE_SA_OTHER_ALCOHOL,,,,,,,DATASOURCE_GISAHFIN,National Research and Development Centre for Welfare and Health (STAKES) 1961-1989; Statistics Finland 1990-2020,,1.31,,,,,,1.3,,,EN,2024-08-11T22:00:00.000Z
SA_0000001400,"Alcohol, recorded per capita (15+) consumption (in litres of pure alcohol), by beverage type",numeric,EUR,Europe,Country,ISR,Israel,Year,2019,false,Beverage Types,Beer,ALCOHOLTYPE_SA_BEER,,,,,,,DATASOURCE_GISAHISR,"Food and Agriculture Organization of the UN (FAO) 1961-1999; merged (GlobalData, IWSR, OIV) 2000-2020",,1.26,,,,,,1.3,,,EN,2024-08-11T22:00:00.000Z
SA_0000001400,"Alcohol, recorded per capita (15+) consumption (in litres of pure alcohol), by beverage type",numeric,EUR,Europe,Country,KAZ,Kazakhstan,Year,2019,false,Beverage Types,Spirits,ALCOHOLTYPE_SA_SPIRITS,,,,,,,DATASOURCE_GISAHKAZ,"Food and Agriculture Organization of the UN (FAO) 1988-1999; merged (GlobalData, IWSR, OIV) 2000-2006; Statistical Yearbook 2007-2020",,1.32,,,,,,1.3,,,EN,2024-08-11T22:00:00.000Z
SA_0000001400,"Alcohol, recorded per capita (15+) consumption (in litres of pure alcohol), by beverage type",numeric,EUR,Europe,Country,PRT,Portugal,Year,2019,false,Beverage Types,Spirits,ALCOHOLTYPE_SA_SPIRITS,,,,,,,DATASOURCE_GISAHPRT,World Drink Trends (WDT) 1963-1999; Statistics Portugal 2000-2020,,1.34,,,,,,1.3,,,EN,2024-08-11T22:00:00.000Z
SA_0000001400,"Alcohol, recorded per capita (15+) consumption (in litres of pure alcohol), by beverage type",numeric,EUR,Europe,Country,TUR,Türkiye,Year,2019,false,Beverage Types,All types,ALCOHOLTYPE_SA_TOTAL,,,,,,,DATASOURCE_GISAHTUR,"World Drink Trends (WDT) 1961-1999; merged (GlobalData, IWSR, OIV) 2000-2004; Turkish Statistical Institute 2005-2020",,1.27,,,,,,1.3,,,EN,2024-08-11T22:00:00.000Z
SA_0000001400,"Alcohol, recorded per capita (15+) consumption (in litres of pure alcohol), by beverage type",numeric,EUR,Europe,Country,HRV,Croatia,Year,2019,false,Beverage Types,Spirits,ALCOHOLTYPE_SA_SPIRITS,,,,,,,DATASOURCE_GISAHHRV,"Food and Agriculture Organization of the UN (FAO) 1987-1999; merged (GlobalData, IWSR, OIV) 2000-2020",,1.36,,,,,,1.4,,,EN,2024-08-11T22:00:00.000Z
SA_0000001400,"Alcohol, recorded per capita (15+) consumption (in litres of pure alcohol), by beverage type",numeric,EUR,Europe,Country,FIN,Finland,Year,2019,false,Beverage Types,Spirits,ALCOHOLTYPE_SA_SPIRITS,,,,,,,DATASOURCE_GISAHFIN,National Research and Development Centre for Welfare and Health (STAKES) 1961-1989; Statistics Finland 1990-2020,,1.4,,,,,,1.4,,,EN,2024-08-11T22:00:00.000Z
SA_0000001400,"Alcohol, recorded per capita (15+) consumption (in litres of pure alcohol), by beverage type",numeric,EUR,Europe,Country,NLD,Netherlands (Kingdom of the),Year,2019,false,Beverage Types,Spirits,ALCOHOLTYPE_SA_SPIRITS,,,,,,,DATASOURCE_GISAHNLD,World Drink Trends (WDT) 1961-1999; STAP Dutch Institute for Alcohol Policy 2000-2020,,1.38,,,,,,1.4,,,EN,2024-08-11T22:00:00.000Z
SA_0000001400,"Alcohol, recorded per capita (15+) consumption (in litres of pure alcohol), by beverage type",numeric,EUR,Europe,Country,ALB,Albania,Year,2019,false,Beverage Types,Spirits,ALCOHOLTYPE_SA_SPIRITS,,,,,,,DATASOURCE_GISAHALB,"Food and Agriculture Organization of the UN (FAO) 1962-1999; merged (GlobalData, IWSR, OIV) 2000-2020",,1.49,,,,,,1.5,,,EN,2024-08-11T22:00:00.000Z
SA_0000001400,"Alcohol, recorded per capita (15+) consumption (in litres of pure alcohol), by beverage type",numeric,EUR,Europe,Country,GRC,Greece,Year,2019,false,Beverage Types,Spirits,ALCOHOLTYPE_SA_SPIRITS,,,,,,,DATASOURCE_GISAHGRC,"World Drink Trends (WDT) 1961-1999; merged (GlobalData, IWSR, OIV) 2000-2020",,1.49,,,,,,1.5,,,EN,2024-08-11T22:00:00.000Z
SA_0000001400,"Alcohol, recorded per capita (15+) consumption (in litres of pure alcohol), by beverage type",numeric,EUR,Europe,Country,MDA,Republic of Moldova,Year,2019,false,Beverage Types,Beer,ALCOHOLTYPE_SA_BEER,,,,,,,DATASOURCE_GISAHMDA,"Food and Agriculture Organization of the UN (FAO) 1992-1999; merged (GlobalData, IWSR, OIV, Statistical Yearbook of the Republic of Moldova) 2000-2020",,1.53,,,,,,1.5,,,EN,2024-08-11T22:00:00.000Z
SA_0000001400,"Alcohol, recorded per capita (15+) consumption (in litres of pure alcohol), by beverage type",numeric,EUR,Europe,Country,DNK,Denmark,Year,2019,false,Beverage Types,Spirits,ALCOHOLTYPE_SA_SPIRITS,,,,,,,DATASOURCE_GISAHDNK,World Drink Trends  (WDT) 1961-1989; Statistics Denmark 1990-2020,,1.65,,,,,,1.6,,,EN,2024-08-11T22:00:00.000Z
SA_0000001400,"Alcohol, recorded per capita (15+) consumption (in litres of pure alcohol), by beverage type",numeric,EUR,Europe,Country,LVA,Latvia,Year,2019,false,Beverage Types,Wine,ALCOHOLTYPE_SA_WINE,,,,,,,DATASOURCE_GISAHLVA,World Drink Trends (WDT) 1980-1999; Center for Disease Prevention and Control (SPKC) 2000-2020,,1.57,,,,,,1.6,,,EN,2024-08-11T22:00:00.000Z
SA_0000001400,"Alcohol, recorded per capita (15+) consumption (in litres of pure alcohol), by beverage type",numeric,EUR,Europe,Country,ALB,Albania,Year,2019,false,Beverage Types,Beer,ALCOHOLTYPE_SA_BEER,,,,,,,DATASOURCE_GISAHALB,"Food and Agriculture Organization of the UN (FAO) 1962-1999; merged (GlobalData, IWSR, OIV) 2000-2020",,1.74,,,,,,1.7,,,EN,2024-08-11T22:00:00.000Z
SA_0000001400,"Alcohol, recorded per capita (15+) consumption (in litres of pure alcohol), by beverage type",numeric,EUR,Europe,Country,FIN,Finland,Year,2019,false,Beverage Types,Wine,ALCOHOLTYPE_SA_WINE,,,,,,,DATASOURCE_GISAHFIN,National Research and Development Centre for Welfare and Health (STAKES) 1961-1989; Statistics Finland 1990-2020,,1.69,,,,,,1.7,,,EN,2024-08-11T22:00:00.000Z
SA_0000001400,"Alcohol, recorded per capita (15+) consumption (in litres of pure alcohol), by beverage type",numeric,EUR,Europe,Country,CHE,Switzerland,Year,2019,false,Beverage Types,Spirits,ALCOHOLTYPE_SA_SPIRITS,,,,,,,DATASOURCE_GISAHCHE,World Drink Trends (WDT) 1961-1999; Federal Customs Administration 2000-2020,,1.72,,,,,,1.7,,,EN,2024-08-11T22:00:00.000Z
SA_0000001400,"Alcohol, recorded per capita (15+) consumption (in litres of pure alcohol), by beverage type",numeric,EUR,Europe,Country,AUT,Austria,Year,2019,false,Beverage Types,Spirits,ALCOHOLTYPE_SA_SPIRITS,,,,,,,DATASOURCE_GISAHAUT,Food and Agriculture Organization of the UN (FAO) 1960-1962; World Dink Trends (WDT) 1963-1999; Handbook on Alcohol 2000-2020,,1.9,,,,,,1.9,,,EN,2024-08-11T22:00:00.000Z
SA_0000001400,"Alcohol, recorded per capita (15+) consumption (in litres of pure alcohol), by beverage type",numeric,EUR,Europe,Country,BGR,Bulgaria,Year,2019,false,Beverage Types,Wine,ALCOHOLTYPE_SA_WINE,,,,,,,DATASOURCE_GISAHBGR,"World Drink Trends (WDT) 1963-1999; merged (GlobalData, IWSR, OIV) 2000-2020",,1.86,,,,,,1.9,,,EN,2024-08-11T22:00:00.000Z
SA_0000001400,"Alcohol, recorded per capita (15+) consumption (in litres of pure alcohol), by beverage type",numeric,EUR,Europe,Country,GEO,Georgia,Year,2019,false,Beverage Types,Beer,ALCOHOLTYPE_SA_BEER,,,,,,,DATASOURCE_GISAHGEO,"Food and Agriculture Organization of the UN (FAO) 1990-1999; merged (GlobalData, IWSR, OIV) 2000-2020",,1.86,,,,,,1.9,,,EN,2024-08-11T22:00:00.000Z
SA_0000001400,"Alcohol, recorded per capita (15+) consumption (in litres of pure alcohol), by beverage type",numeric,EUR,Europe,Country,BLR,Belarus,Year,2019,false,Beverage Types,All types,ALCOHOLTYPE_SA_TOTAL,,,,,,,DATASOURCE_GISAHBLR,Food and Agriculture Organization of the UN (FAO) 1980-1999; WHO Global Survey on Alcohol and Health 2000-2004; Statistical Yearbook 2005-2020,,10.14,,,,,,10.1,,,EN,2024-08-11T22:00:00.000Z
SA_0000001400,"Alcohol, recorded per capita (15+) consumption (in litres of pure alcohol), by beverage type",numeric,EUR,Europe,Country,HRV,Croatia,Year,2019,false,Beverage Types,All types,ALCOHOLTYPE_SA_TOTAL,,,,,,,DATASOURCE_GISAHHRV,"Food and Agriculture Organization of the UN (FAO) 1987-1999; merged (GlobalData, IWSR, OIV) 2000-2020",,10.14,,,,,,10.1,,,EN,2024-08-11T22:00:00.000Z
SA_0000001400,"Alcohol, recorded per capita (15+) consumption (in litres of pure alcohol), by beverage type",numeric,EUR,Europe,Country,PRT,Portugal,Year,2019,false,Beverage Types,All types,ALCOHOLTYPE_SA_TOTAL,,,,,,,DATASOURCE_GISAHPRT,World Drink Trends (WDT) 1963-1999; Statistics Portugal 2000-2020,,10.24,,,,,,10.2,,,EN,2024-08-11T22:00:00.000Z
SA_0000001400,"Alcohol, recorded per capita (15+) consumption (in litres of pure alcohol), by beverage type",numeric,EUR,Europe,Country,SVK,Slovakia,Year,2019,false,Beverage Types,All types,ALCOHOLTYPE_SA_TOTAL,,,,,,,DATASOURCE_GISAHSVK,World Drink Trends (WDT) 1961-1999; Statistics Slovakia (SlovStat) 2000-2020,,10.33,,,,,,10.3,,,EN,2024-08-11T22:00:00.000Z
SA_0000001400,"Alcohol, recorded per capita (15+) consumption (in litres of pure alcohol), by beverage type",numeric,EUR,Europe,Country,SVN,Slovenia,Year,2019,false,Beverage Types,All types,ALCOHOLTYPE_SA_TOTAL,,,,,,,DATASOURCE_GISAHSVN,Food and Agriculture Organization of the UN (FAO) 1981-1999; WHO Global Survey on Alcohol and Health 2000-2005; National Institute of Pubic Health 2006-2020,,10.39,,,,,,10.4,,,EN,2024-08-11T22:00:00.000Z
SA_0000001400,"Alcohol, recorded per capita (15+) consumption (in litres of pure alcohol), by beverage type",numeric,EUR,Europe,Country,POL,Poland,Year,2019,false,Beverage Types,All types,ALCOHOLTYPE_SA_TOTAL,,,,,,,DATASOURCE_GISAHPOL,World Drink Trends (WDT) 1961-1999; WHO Global Survey on Alcohol and Health 2000-2004; Statistics Poland 2005-2020,,10.72,,,,,,10.7,,,EN,2024-08-11T22:00:00.000Z
SA_0000001400,"Alcohol, recorded per capita (15+) consumption (in litres of pure alcohol), by beverage type",numeric,EUR,Europe,Country,ROU,Romania,Year,2019,false,Beverage Types,All types,ALCOHOLTYPE_SA_TOTAL,,,,,,,DATASOURCE_GISAHROU,World Drink Trends (WDT) 1963-1999; National Institute of Statistics 2000-2020,,10.65,,,,,,10.7,,,EN,2024-08-11T22:00:00.000Z
SA_0000001400,"Alcohol, recorded per capita (15+) consumption (in litres of pure alcohol), by beverage type",numeric,EUR,Europe,Country,ESP,Spain,Year,2019,false,Beverage Types,All types,ALCOHOLTYPE_SA_TOTAL,,,,,,,DATASOURCE_GISAHESP,"World Drink Trends (WDT) 1962-1999; merged (Spanish Tax Agency, WHO Global Survey on Alcohol and Health) 2000-2014; Spanish Tax Agency 2015-2020",,10.67,,,,,,10.7,,,EN,2024-08-11T22:00:00.000Z
SA_0000001400,"Alcohol, recorded per capita (15+) consumption (in litres of pure alcohol), by beverage type",numeric,EUR,Europe,Country,HUN,Hungary,Year,2019,false,Beverage Types,All types,ALCOHOLTYPE_SA_TOTAL,,,,,,,DATASOURCE_GISAHHUN,World Drink Trends (WDT) 1961-1999; WHO Global Survey on Alcohol and Health 2000-2004; Hungarian Central Statistical Office 2005-2020,,11,,,,,,11,,,EN,2024-08-11T22:00:00.000Z
SA_0000001400,"Alcohol, recorded per capita (15+) consumption (in litres of pure alcohol), by beverage type",numeric,EUR,Europe,Country,LTU,Lithuania,Year,2019,false,Beverage Types,All types,ALCOHOLTYPE_SA_TOTAL,,,,,,,DATASOURCE_GISAHLTU,Food and Agriculture Organization of the UN (FAO) 1984-1999; WHO Global Survey on Alcohol and Health 2000-2004; Statistics Lithuania 2005-2020,,10.97,,,,,,11,,,EN,2024-08-11T22:00:00.000Z
SA_0000001400,"Alcohol, recorded per capita (15+) consumption (in litres of pure alcohol), by beverage type",numeric,EUR,Europe,Country,AND,Andorra,Year,2019,false,Beverage Types,All types,ALCOHOLTYPE_SA_TOTAL,,,,,,,DATASOURCE_GISAHAND,Average of France and Spain consumption 2000-2020,,11.06,,,,,,11.1,,,EN,2024-08-11T22:00:00.000Z
SA_0000001400,"Alcohol, recorded per capita (15+) consumption (in litres of pure alcohol), by beverage type",numeric,EUR,Europe,Country,DEU,Germany,Year,2019,false,Beverage Types,All types,ALCOHOLTYPE_SA_TOTAL,,,,,,,DATASOURCE_GISAHDEU,World Drink Trends (WDT) 1961-1990; Federal Statistical Office (Destasis) 1991-1999; WHO Global Survey on Alcohol and Health 2000-2004; Federal Statistical Office (Destasis) 2005-2010; Federal Office for Information Security (BSI) 2011-2020,,11.11,,,,,,11.1,,,EN,2024-08-11T22:00:00.000Z
SA_0000001400,"Alcohol, recorded per capita (15+) consumption (in litres of pure alcohol), by beverage type",numeric,EUR,Europe,Country,IRL,Ireland,Year,2019,false,Beverage Types,All types,ALCOHOLTYPE_SA_TOTAL,,,,,,,DATASOURCE_GISAHIRL,World Drink Trends (WDT) 1961-1999; Office of the Revenue Commissioners 2000-2020,,11.07,,,,,,11.1,,,EN,2024-08-11T22:00:00.000Z
SA_0000001400,"Alcohol, recorded per capita (15+) consumption (in litres of pure alcohol), by beverage type",numeric,EUR,Europe,Country,LUX,Luxembourg,Year,2019,false,Beverage Types,All types,ALCOHOLTYPE_SA_TOTAL,,,,,,,DATASOURCE_GISAHLUX,Food and Agriculture Organization of the UN (FAO) 1961-1999; Average of France and Germany consumption 2000-2020,,11.28,,,,,,11.3,,,EN,2024-08-11T22:00:00.000Z
SA_0000001400,"Alcohol, recorded per capita (15+) consumption (in litres of pure alcohol), by beverage type",numeric,EUR,Europe,Country,BGR,Bulgaria,Year,2019,false,Beverage Types,All types,ALCOHOLTYPE_SA_TOTAL,,,,,,,DATASOURCE_GISAHBGR,"World Drink Trends (WDT) 1963-1999; merged (GlobalData, IWSR, OIV) 2000-2020",,11.39,,,,,,11.4,,,EN,2024-08-11T22:00:00.000Z
SA_0000001400,"Alcohol, recorded per capita (15+) consumption (in litres of pure alcohol), by beverage type",numeric,EUR,Europe,Country,FRA,France,Year,2019,false,Beverage Types,All types,ALCOHOLTYPE_SA_TOTAL,,,,,,,DATASOURCE_GISAHFRA,World Drink Trends (WDT) 1961-1999; National Institute of Statistics and Economic Studies / French Monitoring Centre for Drugs and Drug Addiction (OFTD) 2000-2020,,11.46,,,,,,11.5,,,EN,2024-08-11T22:00:00.000Z
SA_0000001400,"Alcohol, recorded per capita (15+) consumption (in litres of pure alcohol), by beverage type",numeric,EUR,Europe,Country,AUT,Austria,Year,2019,false,Beverage Types,All types,ALCOHOLTYPE_SA_TOTAL,,,,,,,DATASOURCE_GISAHAUT,Food and Agriculture Organization of the UN (FAO) 1960-1962; World Dink Trends (WDT) 1963-1999; Handbook on Alcohol 2000-2020,,11.7,,,,,,11.7,,,EN,2024-08-11T22:00:00.000Z
SA_0000001400,"Alcohol, recorded per capita (15+) consumption (in litres of pure alcohol), by beverage type",numeric,EUR,Europe,Country,EST,Estonia,Year,2019,false,Beverage Types,All types,ALCOHOLTYPE_SA_TOTAL,,,,,,,DATASOURCE_GISAHEST,World Drink Trends  (WDT) 1990-1999; Estonian Institute of Economic Research 2000-2020,,11.85,,,,,,11.8,,,EN,2024-08-11T22:00:00.000Z
SA_0000001400,"Alcohol, recorded per capita (15+) consumption (in litres of pure alcohol), by beverage type",numeric,EUR,Europe,Country,CZE,Czechia,Year,2019,false,Beverage Types,All types,ALCOHOLTYPE_SA_TOTAL,,,,,,,DATASOURCE_GISAHCZE,World Drink Trends  (WDT) 1993-1999; Czech Statistical Office 2000-2020,,12.91,,,,,,12.9,,,EN,2024-08-11T22:00:00.000Z
SA_0000001400,"Alcohol, recorded per capita (15+) consumption (in litres of pure alcohol), by beverage type",numeric,EUR,Europe,Country,LVA,Latvia,Year,2019,false,Beverage Types,All types,ALCOHOLTYPE_SA_TOTAL,,,,,,,DATASOURCE_GISAHLVA,World Drink Trends (WDT) 1980-1999; Center for Disease Prevention and Control (SPKC) 2000-2020,,12.9,,,,,,12.9,,,EN,2024-08-11T22:00:00.000Z
SA_0000001400,"Alcohol, recorded per capita (15+) consumption (in litres of pure alcohol), by beverage type",numeric,EUR,Europe,Country,EST,Estonia,Year,2019,false,Beverage Types,Wine,ALCOHOLTYPE_SA_WINE,,,,,,,DATASOURCE_GISAHEST,World Drink Trends  (WDT) 1990-1999; Estonian Institute of Economic Research 2000-2020,,2,,,,,,2,,,EN,2024-08-11T22:00:00.000Z
SA_0000001400,"Alcohol, recorded per capita (15+) consumption (in litres of pure alcohol), by beverage type",numeric,EUR,Europe,Country,ITA,Italy,Year,2019,false,Beverage Types,Beer,ALCOHOLTYPE_SA_BEER,,,,,,,DATASOURCE_GISAHITA,World Drink Trends (WDT) 1961-1999; Assobirra 2000-2004; WHO Global Survey on Alcohol and Health 2005-2014; AssoBirra 2015-2020,,1.96,,,,,,2,,,EN,2024-08-11T22:00:00.000Z
SA_0000001400,"Alcohol, recorded per capita (15+) consumption (in litres of pure alcohol), by beverage type",numeric,EUR,Europe,Country,GRC,Greece,Year,2019,false,Beverage Types,Beer,ALCOHOLTYPE_SA_BEER,,,,,,,DATASOURCE_GISAHGRC,"World Drink Trends (WDT) 1961-1999; merged (GlobalData, IWSR, OIV) 2000-2020",,2.12,,,,,,2.1,,,EN,2024-08-11T22:00:00.000Z
SA_0000001400,"Alcohol, recorded per capita (15+) consumption (in litres of pure alcohol), by beverage type",numeric,EUR,Europe,Country,ISL,Iceland,Year,2019,false,Beverage Types,Wine,ALCOHOLTYPE_SA_WINE,,,,,,,DATASOURCE_GISAHISL,World Drink Trends  (WDT) 1961-1999; Statistics Iceland 2000-2020,,2.12,,,,,,2.1,,,EN,2024-08-11T22:00:00.000Z
SA_0000001400,"Alcohol, recorded per capita (15+) consumption (in litres of pure alcohol), by beverage type",numeric,EUR,Europe,Country,MKD,North Macedonia,Year,2019,false,Beverage Types,Beer,ALCOHOLTYPE_SA_BEER,,,,,,,DATASOURCE_GISAHMKD,"Food and Agriculture Organization of the UN (FAO) 1992-1999; merged (GlobalData, IWSR, OIV) 2000-2020",,2.08,,,,,,2.1,,,EN,2024-08-11T22:00:00.000Z
SA_0000001400,"Alcohol, recorded per capita (15+) consumption (in litres of pure alcohol), by beverage type",numeric,EUR,Europe,Country,ROU,Romania,Year,2019,false,Beverage Types,Spirits,ALCOHOLTYPE_SA_SPIRITS,,,,,,,DATASOURCE_GISAHROU,World Drink Trends (WDT) 1963-1999; National Institute of Statistics 2000-2020,,2.09,,,,,,2.1,,,EN,2024-08-11T22:00:00.000Z
SA_0000001400,"Alcohol, recorded per capita (15+) consumption (in litres of pure alcohol), by beverage type",numeric,EUR,Europe,Country,BLR,Belarus,Year,2019,false,Beverage Types,Beer,ALCOHOLTYPE_SA_BEER,,,,,,,DATASOURCE_GISAHBLR,Food and Agriculture Organization of the UN (FAO) 1980-1999; WHO Global Survey on Alcohol and Health 2000-2004; Statistical Yearbook 2005-2020,,2.16,,,,,,2.2,,,EN,2024-08-11T22:00:00.000Z
SA_0000001400,"Alcohol, recorded per capita (15+) consumption (in litres of pure alcohol), by beverage type",numeric,EUR,Europe,Country,CYP,Cyprus,Year,2019,false,Beverage Types,Wine,ALCOHOLTYPE_SA_WINE,,,,,,,DATASOURCE_GISAHCYP,World Drink Trends  (WDT) 1961-1999; Statistics Cyprus 2000-2020,,2.21,,,,,,2.2,,,EN,2024-08-11T22:00:00.000Z
SA_0000001400,"Alcohol, recorded per capita (15+) consumption (in litres of pure alcohol), by beverage type",numeric,EUR,Europe,Country,DEU,Germany,Year,2019,false,Beverage Types,Spirits,ALCOHOLTYPE_SA_SPIRITS,,,,,,,DATASOURCE_GISAHDEU,World Drink Trends (WDT) 1961-1990; Federal Statistical Office (Destasis) 1991-1999; WHO Global Survey on Alcohol and Health 2000-2004; Federal Statistical Office (Destasis) 2005-2010; Federal Office for Information Security (BSI) 2011-2020,,2.17,,,,,,2.2,,,EN,2024-08-11T22:00:00.000Z
SA_0000001400,"Alcohol, recorded per capita (15+) consumption (in litres of pure alcohol), by beverage type",numeric,EUR,Europe,Country,NOR,Norway,Year,2019,false,Beverage Types,Wine,ALCOHOLTYPE_SA_WINE,,,,,,,DATASOURCE_GISAHNOR,"World Drink Trends (WDT) 1961-1966; Norwegian Institute for Alcohol and Drug Research (SIRUS) 1967-1980; Statistics Norway 1981-1999; WHO Global Survey on Alcohol and Health 2000-2004, Statistics Norway 2005-2020",,2.21,,,,,,2.2,,,EN,2024-08-11T22:00:00.000Z
SA_0000001400,"Alcohol, recorded per capita (15+) consumption (in litres of pure alcohol), by beverage type",numeric,EUR,Europe,Country,AND,Andorra,Year,2019,false,Beverage Types,Spirits,ALCOHOLTYPE_SA_SPIRITS,,,,,,,DATASOURCE_GISAHAND,Average of France and Spain consumption 2000-2020,,2.33,,,,,,2.3,,,EN,2024-08-11T22:00:00.000Z
SA_0000001400,"Alcohol, recorded per capita (15+) consumption (in litres of pure alcohol), by beverage type",numeric,EUR,Europe,Country,IRL,Ireland,Year,2019,false,Beverage Types,Spirits,ALCOHOLTYPE_SA_SPIRITS,,,,,,,DATASOURCE_GISAHIRL,World Drink Trends (WDT) 1961-1999; Office of the Revenue Commissioners 2000-2020,,2.28,,,,,,2.3,,,EN,2024-08-11T22:00:00.000Z
SA_0000001400,"Alcohol, recorded per capita (15+) consumption (in litres of pure alcohol), by beverage type",numeric,EUR,Europe,Country,LUX,Luxembourg,Year,2019,false,Beverage Types,Spirits,ALCOHOLTYPE_SA_SPIRITS,,,,,,,DATASOURCE_GISAHLUX,Food and Agriculture Organization of the UN (FAO) 1961-1999; Average of France and Germany consumption 2000-2020,,2.26,,,,,,2.3,,,EN,2024-08-11T22:00:00.000Z
SA_0000001400,"Alcohol, recorded per capita (15+) consumption (in litres of pure alcohol), by beverage type",numeric,EUR,Europe,Country,MLT,Malta,Year,2019,false,Beverage Types,Spirits,ALCOHOLTYPE_SA_SPIRITS,,,,,,,DATASOURCE_GISAHMLT,"Food and Agriculture Organization of the UN (FAO) 1961-1987; World Drink Trends (WDT) 1988-1999; merged (GlobalData, IWSR, OIV) 2000-2020",,2.33,,,,,,2.3,,,EN,2024-08-11T22:00:00.000Z
SA_0000001400,"Alcohol, recorded per capita (15+) consumption (in litres of pure alcohol), by beverage type",numeric,EUR,Europe,Country,MDA,Republic of Moldova,Year,2019,false,Beverage Types,Spirits,ALCOHOLTYPE_SA_SPIRITS,,,,,,,DATASOURCE_GISAHMDA,"Food and Agriculture Organization of the UN (FAO) 1992-1999; merged (GlobalData, IWSR, OIV, Statistical Yearbook of the Republic of Moldova) 2000-2020",,2.26,,,,,,2.3,,,EN,2024-08-11T22:00:00.000Z
SA_0000001400,"Alcohol, recorded per capita (15+) consumption (in litres of pure alcohol), by beverage type",numeric,EUR,Europe,Country,ESP,Spain,Year,2019,false,Beverage Types,Spirits,ALCOHOLTYPE_SA_SPIRITS,,,,,,,DATASOURCE_GISAHESP,"World Drink Trends (WDT) 1962-1999; merged (Spanish Tax Agency, WHO Global Survey on Alcohol and Health) 2000-2014; Spanish Tax Agency 2015-2020",,2.31,,,,,,2.3,,,EN,2024-08-11T22:00:00.000Z
SA_0000001400,"Alcohol, recorded per capita (15+) consumption (in litres of pure alcohol), by beverage type",numeric,EUR,Europe,Country,GBR,United Kingdom of Great Britain and Northern Ireland,Year,2019,false,Beverage Types,Spirits,ALCOHOLTYPE_SA_SPIRITS,,,,,,,DATASOURCE_GISAHGBR,World Drink Trends (WDT) 1961-1999; HM Revenue and Customs 2000-2020,,2.32,,,,,,2.3,,,EN,2024-08-11T22:00:00.000Z
SA_0000001400,"Alcohol, recorded per capita (15+) consumption (in litres of pure alcohol), by beverage type",numeric,EUR,Europe,Country,UZB,Uzbekistan,Year,2019,false,Beverage Types,Spirits,ALCOHOLTYPE_SA_SPIRITS,,,,,,,DATASOURCE_GISAHUZB,"Food and Agriculture Organization of the UN (FAO) 1992-1999; merged (GlobalData, IWSR, OIV) 2000-2020",,2.27,,,,,,2.3,,,EN,2024-08-11T22:00:00.000Z
SA_0000001400,"Alcohol, recorded per capita (15+) consumption (in litres of pure alcohol), by beverage type",numeric,EUR,Europe,Country,CYP,Cyprus,Year,2019,false,Beverage Types,Beer,ALCOHOLTYPE_SA_BEER,,,,,,,DATASOURCE_GISAHCYP,World Drink Trends  (WDT) 1961-1999; Statistics Cyprus 2000-2020,,2.42,,,,,,2.4,,,EN,2024-08-11T22:00:00.000Z
SA_0000001400,"Alcohol, recorded per capita (15+) consumption (in litres of pure alcohol), by beverage type",numeric,EUR,Europe,Country,FRA,France,Year,2019,false,Beverage Types,Beer,ALCOHOLTYPE_SA_BEER,,,,,,,DATASOURCE_GISAHFRA,World Drink Trends (WDT) 1961-1999; National Institute of Statistics and Economic Studies / French Monitoring Centre for Drugs and Drug Addiction (OFTD) 2000-2020,,2.42,,,,,,2.4,,,EN,2024-08-11T22:00:00.000Z
SA_0000001400,"Alcohol, recorded per capita (15+) consumption (in litres of pure alcohol), by beverage type",numeric,EUR,Europe,Country,FRA,France,Year,2019,false,Beverage Types,Spirits,ALCOHOLTYPE_SA_SPIRITS,,,,,,,DATASOURCE_GISAHFRA,World Drink Trends (WDT) 1961-1999; National Institute of Statistics and Economic Studies / French Monitoring Centre for Drugs and Drug Addiction (OFTD) 2000-2020,,2.35,,,,,,2.4,,,EN,2024-08-11T22:00:00.000Z
SA_0000001400,"Alcohol, recorded per capita (15+) consumption (in litres of pure alcohol), by beverage type",numeric,EUR,Europe,Country,KAZ,Kazakhstan,Year,2019,false,Beverage Types,Beer,ALCOHOLTYPE_SA_BEER,,,,,,,DATASOURCE_GISAHKAZ,"Food and Agriculture Organization of the UN (FAO) 1988-1999; merged (GlobalData, IWSR, OIV) 2000-2006; Statistical Yearbook 2007-2020",,2.37,,,,,,2.4,,,EN,2024-08-11T22:00:00.000Z
SA_0000001400,"Alcohol, recorded per capita (15+) consumption (in litres of pure alcohol), by beverage type",numeric,EUR,Europe,Country,MLT,Malta,Year,2019,false,Beverage Types,Wine,ALCOHOLTYPE_SA_WINE,,,,,,,DATASOURCE_GISAHMLT,"Food and Agriculture Organization of the UN (FAO) 1961-1987; World Drink Trends (WDT) 1988-1999; merged (GlobalData, IWSR, OIV) 2000-2020",,2.38,,,,,,2.4,,,EN,2024-08-11T22:00:00.000Z
SA_0000001400,"Alcohol, recorded per capita (15+) consumption (in litres of pure alcohol), by beverage type",numeric,EUR,Europe,Country,MDA,Republic of Moldova,Year,2019,false,Beverage Types,Wine,ALCOHOLTYPE_SA_WINE,,,,,,,DATASOURCE_GISAHMDA,"Food and Agriculture Organization of the UN (FAO) 1992-1999; merged (GlobalData, IWSR, OIV, Statistical Yearbook of the Republic of Moldova) 2000-2020",,2.38,,,,,,2.4,,,EN,2024-08-11T22:00:00.000Z
SA_0000001400,"Alcohol, recorded per capita (15+) consumption (in litres of pure alcohol), by beverage type",numeric,EUR,Europe,Country,SVK,Slovakia,Year,2019,false,Beverage Types,Wine,ALCOHOLTYPE_SA_WINE,,,,,,,DATASOURCE_GISAHSVK,World Drink Trends (WDT) 1961-1999; Statistics Slovakia (SlovStat) 2000-2020,,2.37,,,,,,2.4,,,EN,2024-08-11T22:00:00.000Z
SA_0000001400,"Alcohol, recorded per capita (15+) consumption (in litres of pure alcohol), by beverage type",numeric,EUR,Europe,Country,BLR,Belarus,Year,2019,false,Beverage Types,Other alcoholic beverages,ALCOHOLTYPE_SA_OTHER_ALCOHOL,,,,,,,DATASOURCE_GISAHBLR,Food and Agriculture Organization of the UN (FAO) 1980-1999; WHO Global Survey on Alcohol and Health 2000-2004; Statistical Yearbook 2005-2020,,2.5,,,,,,2.5,,,EN,2024-08-11T22:00:00.000Z
SA_0000001400,"Alcohol, recorded per capita (15+) consumption (in litres of pure alcohol), by beverage type",numeric,EUR,Europe,Country,UKR,Ukraine,Year,2019,false,Beverage Types,Beer,ALCOHOLTYPE_SA_BEER,,,,,,,DATASOURCE_GISAHUKR,"World Drink Trends (WDT) 1975, 1980-1990; Food and Agriculture Organization of the UN (FAO) 1991-1999; merged (GlobalData, IWSR, OIV, Statistics Ukraine) 2000-2020",,2.55,,,,,,2.5,,,EN,2024-08-11T22:00:00.000Z
SA_0000001400,"Alcohol, recorded per capita (15+) consumption (in litres of pure alcohol), by beverage type",numeric,EUR,Europe,Country,GEO,Georgia,Year,2019,false,Beverage Types,Spirits,ALCOHOLTYPE_SA_SPIRITS,,,,,,,DATASOURCE_GISAHGEO,"Food and Agriculture Organization of the UN (FAO) 1990-1999; merged (GlobalData, IWSR, OIV) 2000-2020",,2.57,,,,,,2.6,,,EN,2024-08-11T22:00:00.000Z
SA_0000001400,"Alcohol, recorded per capita (15+) consumption (in litres of pure alcohol), by beverage type",numeric,EUR,Europe,Country,ISR,Israel,Year,2019,false,Beverage Types,All types,ALCOHOLTYPE_SA_TOTAL,,,,,,,DATASOURCE_GISAHISR,"Food and Agriculture Organization of the UN (FAO) 1961-1999; merged (GlobalData, IWSR, OIV) 2000-2020",,2.56,,,,,,2.6,,,EN,2024-08-11T22:00:00.000Z
SA_0000001400,"Alcohol, recorded per capita (15+) consumption (in litres of pure alcohol), by beverage type",numeric,EUR,Europe,Country,NOR,Norway,Year,2019,false,Beverage Types,Beer,ALCOHOLTYPE_SA_BEER,,,,,,,DATASOURCE_GISAHNOR,"World Drink Trends (WDT) 1961-1966; Norwegian Institute for Alcohol and Drug Research (SIRUS) 1967-1980; Statistics Norway 1981-1999; WHO Global Survey on Alcohol and Health 2000-2004, Statistics Norway 2005-2020",,2.64,,,,,,2.6,,,EN,2024-08-11T22:00:00.000Z
SA_0000001400,"Alcohol, recorded per capita (15+) consumption (in litres of pure alcohol), by beverage type",numeric,EUR,Europe,Country,PRT,Portugal,Year,2019,false,Beverage Types,Beer,ALCOHOLTYPE_SA_BEER,,,,,,,DATASOURCE_GISAHPRT,World Drink Trends (WDT) 1963-1999; Statistics Portugal 2000-2020,,2.62,,,,,,2.6,,,EN,2024-08-11T22:00:00.000Z
SA_0000001400,"Alcohol, recorded per capita (15+) consumption (in litres of pure alcohol), by beverage type",numeric,EUR,Europe,Country,SWE,Sweden,Year,2019,false,Beverage Types,Beer,ALCOHOLTYPE_SA_BEER,,,,,,,DATASOURCE_GISAHSWE,World Drink Trends (WDT) 1961-1999; Central Association for Alcohol and Drug Information 2000-2020,,2.64,,,,,,2.6,,,EN,2024-08-11T22:00:00.000Z
SA_0000001400,"Alcohol, recorded per capita (15+) consumption (in litres of pure alcohol), by beverage type",numeric,EUR,Europe,Country,UKR,Ukraine,Year,2019,false,Beverage Types,Spirits,ALCOHOLTYPE_SA_SPIRITS,,,,,,,DATASOURCE_GISAHUKR,"World Drink Trends (WDT) 1975, 1980-1990; Food and Agriculture Organization of the UN (FAO) 1991-1999; merged (GlobalData, IWSR, OIV, Statistics Ukraine) 2000-2020",,2.63,,,,,,2.6,,,EN,2024-08-11T22:00:00.000Z
SA_0000001400,"Alcohol, recorded per capita (15+) consumption (in litres of pure alcohol), by beverage type",numeric,EUR,Europe,Country,UZB,Uzbekistan,Year,2019,false,Beverage Types,All types,ALCOHOLTYPE_SA_TOTAL,,,,,,,DATASOURCE_GISAHUZB,"Food and Agriculture Organization of the UN (FAO) 1992-1999; merged (GlobalData, IWSR, OIV) 2000-2020",,2.55,,,,,,2.6,,,EN,2024-08-11T22:00:00.000Z
SA_0000001400,"Alcohol, recorded per capita (15+) consumption (in litres of pure alcohol), by beverage type",numeric,EUR,Europe,Country,CZE,Czechia,Year,2019,false,Beverage Types,Wine,ALCOHOLTYPE_SA_WINE,,,,,,,DATASOURCE_GISAHCZE,World Drink Trends  (WDT) 1993-1999; Czech Statistical Office 2000-2020,,2.82,,,,,,2.8,,,EN,2024-08-11T22:00:00.000Z
SA_0000001400,"Alcohol, recorded per capita (15+) consumption (in litres of pure alcohol), by beverage type",numeric,EUR,Europe,Country,ARM,Armenia,Year,2019,false,Beverage Types,Spirits,ALCOHOLTYPE_SA_SPIRITS,,,,,,,DATASOURCE_GISAHARM,"Food and Agriculture Organization of the UN (FAO) 1990-1999; merged (GlobalData, IWSR, OIV) 2000-2020",,2.86,,,,,,2.9,,,EN,2024-08-11T22:00:00.000Z
SA_0000001400,"Alcohol, recorded per capita (15+) consumption (in litres of pure alcohol), by beverage type",numeric,EUR,Europe,Country,GRC,Greece,Year,2019,false,Beverage Types,Wine,ALCOHOLTYPE_SA_WINE,,,,,,,DATASOURCE_GISAHGRC,"World Drink Trends (WDT) 1961-1999; merged (GlobalData, IWSR, OIV) 2000-2020",,2.92,,,,,,2.9,,,EN,2024-08-11T22:00:00.000Z
SA_0000001400,"Alcohol, recorded per capita (15+) consumption (in litres of pure alcohol), by beverage type",numeric,EUR,Europe,Country,IRL,Ireland,Year,2019,false,Beverage Types,Wine,ALCOHOLTYPE_SA_WINE,,,,,,,DATASOURCE_GISAHIRL,World Drink Trends (WDT) 1961-1999; Office of the Revenue Commissioners 2000-2020,,2.92,,,,,,2.9,,,EN,2024-08-11T22:00:00.000Z
SA_0000001400,"Alcohol, recorded per capita (15+) consumption (in litres of pure alcohol), by beverage type",numeric,EUR,Europe,Country,NLD,Netherlands (Kingdom of the),Year,2019,false,Beverage Types,Wine,ALCOHOLTYPE_SA_WINE,,,,,,,DATASOURCE_GISAHNLD,World Drink Trends (WDT) 1961-1999; STAP Dutch Institute for Alcohol Policy 2000-2020,,2.92,,,,,,2.9,,,EN,2024-08-11T22:00:00.000Z
SA_0000001400,"Alcohol, recorded per capita (15+) consumption (in litres of pure alcohol), by beverage type",numeric,EUR,Europe,Country,RUS,Russian Federation,Year,2019,false,Beverage Types,Beer,ALCOHOLTYPE_SA_BEER,,,,,,,DATASOURCE_GISAHRUS,World Drink Trends (WDT) 1963-1999; Russian Statistical Office (ROSSTAT) 2000-2020,,2.94,,,,,,2.9,,,EN,2024-08-11T22:00:00.000Z
SA_0000001400,"Alcohol, recorded per capita (15+) consumption (in litres of pure alcohol), by beverage type",numeric,EUR,Europe,Country,TKM,Turkmenistan,Year,2019,false,Beverage Types,All types,ALCOHOLTYPE_SA_TOTAL,,,,,,,DATASOURCE_GISAHTKM,"Food and Agriculture Organization of the UN (FAO) 1992-1999; merged (GlobalData, IWSR, OIV) 2000-2020",,2.86,,,,,,2.9,,,EN,2024-08-11T22:00:00.000Z
SA_0000001400,"Alcohol, recorded per capita (15+) consumption (in litres of pure alcohol), by beverage type",numeric,EUR,Europe,Country,RUS,Russian Federation,Year,2019,false,Beverage Types,Spirits,ALCOHOLTYPE_SA_SPIRITS,,,,,,,DATASOURCE_GISAHRUS,World Drink Trends (WDT) 1963-1999; Russian Statistical Office (ROSSTAT) 2000-2020,,3.07,,,,,,3.1,,,EN,2024-08-11T22:00:00.000Z
SA_0000001400,"Alcohol, recorded per capita (15+) consumption (in litres of pure alcohol), by beverage type",numeric,EUR,Europe,Country,CHE,Switzerland,Year,2019,false,Beverage Types,Beer,ALCOHOLTYPE_SA_BEER,,,,,,,DATASOURCE_GISAHCHE,World Drink Trends (WDT) 1961-1999; Federal Customs Administration 2000-2020,,3.13,,,,,,3.1,,,EN,2024-08-11T22:00:00.000Z
SA_0000001400,"Alcohol, recorded per capita (15+) consumption (in litres of pure alcohol), by beverage type",numeric,EUR,Europe,Country,GEO,Georgia,Year,2019,false,Beverage Types,Wine,ALCOHOLTYPE_SA_WINE,,,,,,,DATASOURCE_GISAHGEO,"Food and Agriculture Organization of the UN (FAO) 1990-1999; merged (GlobalData, IWSR, OIV) 2000-2020",,3.19,,,,,,3.2,,,EN,2024-08-11T22:00:00.000Z
SA_0000001400,"Alcohol, recorded per capita (15+) consumption (in litres of pure alcohol), by beverage type",numeric,EUR,Europe,Country,HUN,Hungary,Year,2019,false,Beverage Types,Wine,ALCOHOLTYPE_SA_WINE,,,,,,,DATASOURCE_GISAHHUN,World Drink Trends (WDT) 1961-1999; WHO Global Survey on Alcohol and Health 2000-2004; Hungarian Central Statistical Office 2005-2020,,3.15,,,,,,3.2,,,EN,2024-08-11T22:00:00.000Z
SA_0000001400,"Alcohol, recorded per capita (15+) consumption (in litres of pure alcohol), by beverage type",numeric,EUR,Europe,Country,CYP,Cyprus,Year,2019,false,Beverage Types,Spirits,ALCOHOLTYPE_SA_SPIRITS,,,,,,,DATASOURCE_GISAHCYP,World Drink Trends  (WDT) 1961-1999; Statistics Cyprus 2000-2020,,3.29,,,,,,3.3,,,EN,2024-08-11T22:00:00.000Z
SA_0000001400,"Alcohol, recorded per capita (15+) consumption (in litres of pure alcohol), by beverage type",numeric,EUR,Europe,Country,CZE,Czechia,Year,2019,false,Beverage Types,Spirits,ALCOHOLTYPE_SA_SPIRITS,,,,,,,DATASOURCE_GISAHCZE,World Drink Trends  (WDT) 1993-1999; Czech Statistical Office 2000-2020,,3.28,,,,,,3.3,,,EN,2024-08-11T22:00:00.000Z
SA_0000001400,"Alcohol, recorded per capita (15+) consumption (in litres of pure alcohol), by beverage type",numeric,EUR,Europe,Country,DEU,Germany,Year,2019,false,Beverage Types,Wine,ALCOHOLTYPE_SA_WINE,,,,,,,DATASOURCE_GISAHDEU,World Drink Trends (WDT) 1961-1990; Federal Statistical Office (Destasis) 1991-1999; WHO Global Survey on Alcohol and Health 2000-2004; Federal Statistical Office (Destasis) 2005-2010; Federal Office for Information Security (BSI) 2011-2020,,3.32,,,,,,3.3,,,EN,2024-08-11T22:00:00.000Z
SA_0000001400,"Alcohol, recorded per capita (15+) consumption (in litres of pure alcohol), by beverage type",numeric,EUR,Europe,Country,ROU,Romania,Year,2019,false,Beverage Types,Wine,ALCOHOLTYPE_SA_WINE,,,,,,,DATASOURCE_GISAHROU,World Drink Trends (WDT) 1963-1999; National Institute of Statistics 2000-2020,,3.26,,,,,,3.3,,,EN,2024-08-11T22:00:00.000Z
SA_0000001400,"Alcohol, recorded per capita (15+) consumption (in litres of pure alcohol), by beverage type",numeric,EUR,Europe,Country,BEL,Belgium,Year,2019,false,Beverage Types,Wine,ALCOHOLTYPE_SA_WINE,,,,,,,DATASOURCE_GISAHBEL,"World Drink Trend (WDT) 1963-1999; FAO 2000-2007; merged (Belgium Tax Administration Department, WHO Global Survey on Alcohol and Health) 2008-2020",,3.41,,,,,,3.4,,,EN,2024-08-11T22:00:00.000Z
SA_0000001400,"Alcohol, recorded per capita (15+) consumption (in litres of pure alcohol), by beverage type",numeric,EUR,Europe,Country,DNK,Denmark,Year,2019,false,Beverage Types,Beer,ALCOHOLTYPE_SA_BEER,,,,,,,DATASOURCE_GISAHDNK,World Drink Trends  (WDT) 1961-1989; Statistics Denmark 1990-2020,,3.44,,,,,,3.4,,,EN,2024-08-11T22:00:00.000Z
SA_0000001400,"Alcohol, recorded per capita (15+) consumption (in litres of pure alcohol), by beverage type",numeric,EUR,Europe,Country,SWE,Sweden,Year,2019,false,Beverage Types,Wine,ALCOHOLTYPE_SA_WINE,,,,,,,DATASOURCE_GISAHSWE,World Drink Trends (WDT) 1961-1999; Central Association for Alcohol and Drug Information 2000-2020,,3.36,,,,,,3.4,,,EN,2024-08-11T22:00:00.000Z
SA_0000001400,"Alcohol, recorded per capita (15+) consumption (in litres of pure alcohol), by beverage type",numeric,EUR,Europe,Country,GBR,United Kingdom of Great Britain and Northern Ireland,Year,2019,false,Beverage Types,Wine,ALCOHOLTYPE_SA_WINE,,,,,,,DATASOURCE_GISAHGBR,World Drink Trends (WDT) 1961-1999; HM Revenue and Customs 2000-2020,,3.4,,,,,,3.4,,,EN,2024-08-11T22:00:00.000Z
SA_0000001400,"Alcohol, recorded per capita (15+) consumption (in litres of pure alcohol), by beverage type",numeric,EUR,Europe,Country,AND,Andorra,Year,2019,false,Beverage Types,Beer,ALCOHOLTYPE_SA_BEER,,,,,,,DATASOURCE_GISAHAND,Average of France and Spain consumption 2000-2020,,3.51,,,,,,3.5,,,EN,2024-08-11T22:00:00.000Z
SA_0000001400,"Alcohol, recorded per capita (15+) consumption (in litres of pure alcohol), by beverage type",numeric,EUR,Europe,Country,GBR,United Kingdom of Great Britain and Northern Ireland,Year,2019,false,Beverage Types,Beer,ALCOHOLTYPE_SA_BEER,,,,,,,DATASOURCE_GISAHGBR,World Drink Trends (WDT) 1961-1999; HM Revenue and Customs 2000-2020,,3.48,,,,,,3.5,,,EN,2024-08-11T22:00:00.000Z
SA_0000001400,"Alcohol, recorded per capita (15+) consumption (in litres of pure alcohol), by beverage type",numeric,EUR,Europe,Country,AUT,Austria,Year,2019,false,Beverage Types,Wine,ALCOHOLTYPE_SA_WINE,,,,,,,DATASOURCE_GISAHAUT,Food and Agriculture Organization of the UN (FAO) 1960-1962; World Dink Trends (WDT) 1963-1999; Handbook on Alcohol 2000-2020,,3.63,,,,,,3.6,,,EN,2024-08-11T22:00:00.000Z
SA_0000001400,"Alcohol, recorded per capita (15+) consumption (in litres of pure alcohol), by beverage type",numeric,EUR,Europe,Country,HRV,Croatia,Year,2019,false,Beverage Types,Wine,ALCOHOLTYPE_SA_WINE,,,,,,,DATASOURCE_GISAHHRV,"Food and Agriculture Organization of the UN (FAO) 1987-1999; merged (GlobalData, IWSR, OIV) 2000-2020",,3.56,,,,,,3.6,,,EN,2024-08-11T22:00:00.000Z
SA_0000001400,"Alcohol, recorded per capita (15+) consumption (in litres of pure alcohol), by beverage type",numeric,EUR,Europe,Country,ESP,Spain,Year,2019,false,Beverage Types,Wine,ALCOHOLTYPE_SA_WINE,,,,,,,DATASOURCE_GISAHESP,"World Drink Trends (WDT) 1962-1999; merged (Spanish Tax Agency, WHO Global Survey on Alcohol and Health) 2000-2014; Spanish Tax Agency 2015-2020",,3.57,,,,,,3.6,,,EN,2024-08-11T22:00:00.000Z
SA_0000001400,"Alcohol, recorded per capita (15+) consumption (in litres of pure alcohol), by beverage type",numeric,EUR,Europe,Country,HUN,Hungary,Year,2019,false,Beverage Types,Spirits,ALCOHOLTYPE_SA_SPIRITS,,,,,,,DATASOURCE_GISAHHUN,World Drink Trends (WDT) 1961-1999; WHO Global Survey on Alcohol and Health 2000-2004; Hungarian Central Statistical Office 2005-2020,,3.74,,,,,,3.7,,,EN,2024-08-11T22:00:00.000Z
SA_0000001400,"Alcohol, recorded per capita (15+) consumption (in litres of pure alcohol), by beverage type",numeric,EUR,Europe,Country,KGZ,Kyrgyzstan,Year,2019,false,Beverage Types,Spirits,ALCOHOLTYPE_SA_SPIRITS,,,,,,,DATASOURCE_GISAHKGZ,Food and Agriculture Organization of the UN (FAO) 1985 -1999; National Statistical Committee of the Kyrgyz Republic 2000-2020,,3.73,,,,,,3.7,,,EN,2024-08-11T22:00:00.000Z
SA_0000001400,"Alcohol, recorded per capita (15+) consumption (in litres of pure alcohol), by beverage type",numeric,EUR,Europe,Country,SVK,Slovakia,Year,2019,false,Beverage Types,Beer,ALCOHOLTYPE_SA_BEER,,,,,,,DATASOURCE_GISAHSVK,World Drink Trends (WDT) 1961-1999; Statistics Slovakia (SlovStat) 2000-2020,,3.71,,,,,,3.7,,,EN,2024-08-11T22:00:00.000Z
SA_0000001400,"Alcohol, recorded per capita (15+) consumption (in litres of pure alcohol), by beverage type",numeric,EUR,Europe,Country,MLT,Malta,Year,2019,false,Beverage Types,Beer,ALCOHOLTYPE_SA_BEER,,,,,,,DATASOURCE_GISAHMLT,"Food and Agriculture Organization of the UN (FAO) 1961-1987; World Drink Trends (WDT) 1988-1999; merged (GlobalData, IWSR, OIV) 2000-2020",,3.8,,,,,,3.8,,,EN,2024-08-11T22:00:00.000Z
SA_0000001400,"Alcohol, recorded per capita (15+) consumption (in litres of pure alcohol), by beverage type",numeric,EUR,Europe,Country,FIN,Finland,Year,2019,false,Beverage Types,Beer,ALCOHOLTYPE_SA_BEER,,,,,,,DATASOURCE_GISAHFIN,National Research and Development Centre for Welfare and Health (STAKES) 1961-1989; Statistics Finland 1990-2020,,3.92,,,,,,3.9,,,EN,2024-08-11T22:00:00.000Z
SA_0000001400,"Alcohol, recorded per capita (15+) consumption (in litres of pure alcohol), by beverage type",numeric,EUR,Europe,Country,KAZ,Kazakhstan,Year,2019,false,Beverage Types,All types,ALCOHOLTYPE_SA_TOTAL,,,,,,,DATASOURCE_GISAHKAZ,"Food and Agriculture Organization of the UN (FAO) 1988-1999; merged (GlobalData, IWSR, OIV) 2000-2006; Statistical Yearbook 2007-2020",,3.86,,,,,,3.9,,,EN,2024-08-11T22:00:00.000Z
SA_0000001400,"Alcohol, recorded per capita (15+) consumption (in litres of pure alcohol), by beverage type",numeric,EUR,Europe,Country,LUX,Luxembourg,Year,2019,false,Beverage Types,Beer,ALCOHOLTYPE_SA_BEER,,,,,,,DATASOURCE_GISAHLUX,Food and Agriculture Organization of the UN (FAO) 1961-1999; Average of France and Germany consumption 2000-2020,,4.01,,,,,,4,,,EN,2024-08-11T22:00:00.000Z
SA_0000001400,"Alcohol, recorded per capita (15+) consumption (in litres of pure alcohol), by beverage type",numeric,EUR,Europe,Country,NLD,Netherlands (Kingdom of the),Year,2019,false,Beverage Types,Beer,ALCOHOLTYPE_SA_BEER,,,,,,,DATASOURCE_GISAHNLD,World Drink Trends (WDT) 1961-1999; STAP Dutch Institute for Alcohol Policy 2000-2020,,3.98,,,,,,4,,,EN,2024-08-11T22:00:00.000Z
SA_0000001400,"Alcohol, recorded per capita (15+) consumption (in litres of pure alcohol), by beverage type",numeric,EUR,Europe,Country,MKD,North Macedonia,Year,2019,false,Beverage Types,All types,ALCOHOLTYPE_SA_TOTAL,,,,,,,DATASOURCE_GISAHMKD,"Food and Agriculture Organization of the UN (FAO) 1992-1999; merged (GlobalData, IWSR, OIV) 2000-2020",,4.04,,,,,,4,,,EN,2024-08-11T22:00:00.000Z
SA_0000001400,"Alcohol, recorded per capita (15+) consumption (in litres of pure alcohol), by beverage type",numeric,EUR,Europe,Country,POL,Poland,Year,2019,false,Beverage Types,Spirits,ALCOHOLTYPE_SA_SPIRITS,,,,,,,DATASOURCE_GISAHPOL,World Drink Trends (WDT) 1961-1999; WHO Global Survey on Alcohol and Health 2000-2004; Statistics Poland 2005-2020,,4.04,,,,,,4,,,EN,2024-08-11T22:00:00.000Z
SA_0000001400,"Alcohol, recorded per capita (15+) consumption (in litres of pure alcohol), by beverage type",numeric,EUR,Europe,Country,ARM,Armenia,Year,2019,false,Beverage Types,All types,ALCOHOLTYPE_SA_TOTAL,,,,,,,DATASOURCE_GISAHARM,"Food and Agriculture Organization of the UN (FAO) 1990-1999; merged (GlobalData, IWSR, OIV) 2000-2020",,4.08,,,,,,4.1,,,EN,2024-08-11T22:00:00.000Z
SA_0000001400,"Alcohol, recorded per capita (15+) consumption (in litres of pure alcohol), by beverage type",numeric,EUR,Europe,Country,BIH,Bosnia and Herzegovina,Year,2019,false,Beverage Types,Beer,ALCOHOLTYPE_SA_BEER,,,,,,,DATASOURCE_GISAHBIH,"Food and Agriculture Organization of the UN (FAO) 1987-1999; merged (GlobalData, IWSR, OIV) 2000-2020",,4.06,,,,,,4.1,,,EN,2024-08-11T22:00:00.000Z
SA_0000001400,"Alcohol, recorded per capita (15+) consumption (in litres of pure alcohol), by beverage type",numeric,EUR,Europe,Country,DNK,Denmark,Year,2019,false,Beverage Types,Wine,ALCOHOLTYPE_SA_WINE,,,,,,,DATASOURCE_GISAHDNK,World Drink Trends  (WDT) 1961-1989; Statistics Denmark 1990-2020,,4.15,,,,,,4.1,,,EN,2024-08-11T22:00:00.000Z
SA_0000001400,"Alcohol, recorded per capita (15+) consumption (in litres of pure alcohol), by beverage type",numeric,EUR,Europe,Country,HUN,Hungary,Year,2019,false,Beverage Types,Beer,ALCOHOLTYPE_SA_BEER,,,,,,,DATASOURCE_GISAHHUN,World Drink Trends (WDT) 1961-1999; WHO Global Survey on Alcohol and Health 2000-2004; Hungarian Central Statistical Office 2005-2020,,4.11,,,,,,4.1,,,EN,2024-08-11T22:00:00.000Z
SA_0000001400,"Alcohol, recorded per capita (15+) consumption (in litres of pure alcohol), by beverage type",numeric,EUR,Europe,Country,EST,Estonia,Year,2019,false,Beverage Types,Beer,ALCOHOLTYPE_SA_BEER,,,,,,,DATASOURCE_GISAHEST,World Drink Trends  (WDT) 1990-1999; Estonian Institute of Economic Research 2000-2020,,4.18,,,,,,4.2,,,EN,2024-08-11T22:00:00.000Z
SA_0000001400,"Alcohol, recorded per capita (15+) consumption (in litres of pure alcohol), by beverage type",numeric,EUR,Europe,Country,ISL,Iceland,Year,2019,false,Beverage Types,Beer,ALCOHOLTYPE_SA_BEER,,,,,,,DATASOURCE_GISAHISL,World Drink Trends  (WDT) 1961-1999; Statistics Iceland 2000-2020,,4.3,,,,,,4.3,,,EN,2024-08-11T22:00:00.000Z
SA_0000001400,"Alcohol, recorded per capita (15+) consumption (in litres of pure alcohol), by beverage type",numeric,EUR,Europe,Country,SVK,Slovakia,Year,2019,false,Beverage Types,Spirits,ALCOHOLTYPE_SA_SPIRITS,,,,,,,DATASOURCE_GISAHSVK,World Drink Trends (WDT) 1961-1999; Statistics Slovakia (SlovStat) 2000-2020,,4.26,,,,,,4.3,,,EN,2024-08-11T22:00:00.000Z
SA_0000001400,"Alcohol, recorded per capita (15+) consumption (in litres of pure alcohol), by beverage type",numeric,EUR,Europe,Country,CHE,Switzerland,Year,2019,false,Beverage Types,Wine,ALCOHOLTYPE_SA_WINE,,,,,,,DATASOURCE_GISAHCHE,World Drink Trends (WDT) 1961-1999; Federal Customs Administration 2000-2020,,4.27,,,,,,4.3,,,EN,2024-08-11T22:00:00.000Z
SA_0000001400,"Alcohol, recorded per capita (15+) consumption (in litres of pure alcohol), by beverage type",numeric,EUR,Europe,Country,ALB,Albania,Year,2019,false,Beverage Types,All types,ALCOHOLTYPE_SA_TOTAL,,,,,,,DATASOURCE_GISAHALB,"Food and Agriculture Organization of the UN (FAO) 1962-1999; merged (GlobalData, IWSR, OIV) 2000-2020",,4.38,,,,,,4.4,,,EN,2024-08-11T22:00:00.000Z
SA_0000001400,"Alcohol, recorded per capita (15+) consumption (in litres of pure alcohol), by beverage type",numeric,EUR,Europe,Country,BEL,Belgium,Year,2019,false,Beverage Types,Beer,ALCOHOLTYPE_SA_BEER,,,,,,,DATASOURCE_GISAHBEL,"World Drink Trend (WDT) 1963-1999; FAO 2000-2007; merged (Belgium Tax Administration Department, WHO Global Survey on Alcohol and Health) 2008-2020",,4.39,,,,,,4.4,,,EN,2024-08-11T22:00:00.000Z
SA_0000001400,"Alcohol, recorded per capita (15+) consumption (in litres of pure alcohol), by beverage type",numeric,EUR,Europe,Country,KGZ,Kyrgyzstan,Year,2019,false,Beverage Types,All types,ALCOHOLTYPE_SA_TOTAL,,,,,,,DATASOURCE_GISAHKGZ,Food and Agriculture Organization of the UN (FAO) 1985 -1999; National Statistical Committee of the Kyrgyz Republic 2000-2020,,4.44,,,,,,4.4,,,EN,2024-08-11T22:00:00.000Z
SA_0000001400,"Alcohol, recorded per capita (15+) consumption (in litres of pure alcohol), by beverage type",numeric,EUR,Europe,Country,EST,Estonia,Year,2019,false,Beverage Types,Spirits,ALCOHOLTYPE_SA_SPIRITS,,,,,,,DATASOURCE_GISAHEST,World Drink Trends  (WDT) 1990-1999; Estonian Institute of Economic Research 2000-2020,,4.52,,,,,,4.5,,,EN,2024-08-11T22:00:00.000Z
SA_0000001400,"Alcohol, recorded per capita (15+) consumption (in litres of pure alcohol), by beverage type",numeric,EUR,Europe,Country,BLR,Belarus,Year,2019,false,Beverage Types,Spirits,ALCOHOLTYPE_SA_SPIRITS,,,,,,,DATASOURCE_GISAHBLR,Food and Agriculture Organization of the UN (FAO) 1980-1999; WHO Global Survey on Alcohol and Health 2000-2004; Statistical Yearbook 2005-2020,,4.56,,,,,,4.6,,,EN,2024-08-11T22:00:00.000Z
SA_0000001400,"Alcohol, recorded per capita (15+) consumption (in litres of pure alcohol), by beverage type",numeric,EUR,Europe,Country,BGR,Bulgaria,Year,2019,false,Beverage Types,Beer,ALCOHOLTYPE_SA_BEER,,,,,,,DATASOURCE_GISAHBGR,"World Drink Trends (WDT) 1963-1999; merged (GlobalData, IWSR, OIV) 2000-2020",,4.57,,,,,,4.6,,,EN,2024-08-11T22:00:00.000Z
SA_0000001400,"Alcohol, recorded per capita (15+) consumption (in litres of pure alcohol), by beverage type",numeric,EUR,Europe,Country,SVN,Slovenia,Year,2019,false,Beverage Types,Beer,ALCOHOLTYPE_SA_BEER,,,,,,,DATASOURCE_GISAHSVN,Food and Agriculture Organization of the UN (FAO) 1981-1999; WHO Global Survey on Alcohol and Health 2000-2005; National Institute of Pubic Health 2006-2020,,4.6,,,,,,4.6,,,EN,2024-08-11T22:00:00.000Z
SA_0000001400,"Alcohol, recorded per capita (15+) consumption (in litres of pure alcohol), by beverage type",numeric,EUR,Europe,Country,ESP,Spain,Year,2019,false,Beverage Types,Beer,ALCOHOLTYPE_SA_BEER,,,,,,,DATASOURCE_GISAHESP,"World Drink Trends (WDT) 1962-1999; merged (Spanish Tax Agency, WHO Global Survey on Alcohol and Health) 2000-2014; Spanish Tax Agency 2015-2020",,4.61,,,,,,4.6,,,EN,2024-08-11T22:00:00.000Z
SA_0000001400,"Alcohol, recorded per capita (15+) consumption (in litres of pure alcohol), by beverage type",numeric,EUR,Europe,Country,LTU,Lithuania,Year,2019,false,Beverage Types,Beer,ALCOHOLTYPE_SA_BEER,,,,,,,DATASOURCE_GISAHLTU,Food and Agriculture Organization of the UN (FAO) 1984-1999; WHO Global Survey on Alcohol and Health 2000-2004; Statistics Lithuania 2005-2020,,4.66,,,,,,4.7,,,EN,2024-08-11T22:00:00.000Z
SA_0000001400,"Alcohol, recorded per capita (15+) consumption (in litres of pure alcohol), by beverage type",numeric,EUR,Europe,Country,SVN,Slovenia,Year,2019,false,Beverage Types,Wine,ALCOHOLTYPE_SA_WINE,,,,,,,DATASOURCE_GISAHSVN,Food and Agriculture Organization of the UN (FAO) 1981-1999; WHO Global Survey on Alcohol and Health 2000-2005; National Institute of Pubic Health 2006-2020,,4.66,,,,,,4.7,,,EN,2024-08-11T22:00:00.000Z
SA_0000001400,"Alcohol, recorded per capita (15+) consumption (in litres of pure alcohol), by beverage type",numeric,EUR,Europe,Country,BGR,Bulgaria,Year,2019,false,Beverage Types,Spirits,ALCOHOLTYPE_SA_SPIRITS,,,,,,,DATASOURCE_GISAHBGR,"World Drink Trends (WDT) 1963-1999; merged (GlobalData, IWSR, OIV) 2000-2020",,4.75,,,,,,4.8,,,EN,2024-08-11T22:00:00.000Z
SA_0000001400,"Alcohol, recorded per capita (15+) consumption (in litres of pure alcohol), by beverage type",numeric,EUR,Europe,Country,HRV,Croatia,Year,2019,false,Beverage Types,Beer,ALCOHOLTYPE_SA_BEER,,,,,,,DATASOURCE_GISAHHRV,"Food and Agriculture Organization of the UN (FAO) 1987-1999; merged (GlobalData, IWSR, OIV) 2000-2020",,4.79,,,,,,4.8,,,EN,2024-08-11T22:00:00.000Z
SA_0000001400,"Alcohol, recorded per capita (15+) consumption (in litres of pure alcohol), by beverage type",numeric,EUR,Europe,Country,ITA,Italy,Year,2019,false,Beverage Types,Wine,ALCOHOLTYPE_SA_WINE,,,,,,,DATASOURCE_GISAHITA,World Drink Trends (WDT) 1961-1999; Assobirra 2000-2004; WHO Global Survey on Alcohol and Health 2005-2014; AssoBirra 2015-2020,,4.84,,,,,,4.8,,,EN,2024-08-11T22:00:00.000Z
SA_0000001400,"Alcohol, recorded per capita (15+) consumption (in litres of pure alcohol), by beverage type",numeric,EUR,Europe,Country,LUX,Luxembourg,Year,2019,false,Beverage Types,Wine,ALCOHOLTYPE_SA_WINE,,,,,,,DATASOURCE_GISAHLUX,Food and Agriculture Organization of the UN (FAO) 1961-1999; Average of France and Germany consumption 2000-2020,,4.92,,,,,,4.9,,,EN,2024-08-11T22:00:00.000Z
SA_0000001400,"Alcohol, recorded per capita (15+) consumption (in litres of pure alcohol), by beverage type",numeric,EUR,Europe,Country,AND,Andorra,Year,2019,false,Beverage Types,Wine,ALCOHOLTYPE_SA_WINE,,,,,,,DATASOURCE_GISAHAND,Average of France and Spain consumption 2000-2020,,5.04,,,,,,5,,,EN,2024-08-11T22:00:00.000Z
SA_0000001400,"Alcohol, recorded per capita (15+) consumption (in litres of pure alcohol), by beverage type",numeric,EUR,Europe,Country,IRL,Ireland,Year,2019,false,Beverage Types,Beer,ALCOHOLTYPE_SA_BEER,,,,,,,DATASOURCE_GISAHIRL,World Drink Trends (WDT) 1961-1999; Office of the Revenue Commissioners 2000-2020,,5.02,,,,,,5,,,EN,2024-08-11T22:00:00.000Z
SA_0000001400,"Alcohol, recorded per capita (15+) consumption (in litres of pure alcohol), by beverage type",numeric,EUR,Europe,Country,LTU,Lithuania,Year,2019,false,Beverage Types,Spirits,ALCOHOLTYPE_SA_SPIRITS,,,,,,,DATASOURCE_GISAHLTU,Food and Agriculture Organization of the UN (FAO) 1984-1999; WHO Global Survey on Alcohol and Health 2000-2004; Statistics Lithuania 2005-2020,,4.96,,,,,,5,,,EN,2024-08-11T22:00:00.000Z
SA_0000001400,"Alcohol, recorded per capita (15+) consumption (in litres of pure alcohol), by beverage type",numeric,EUR,Europe,Country,LVA,Latvia,Year,2019,false,Beverage Types,Beer,ALCOHOLTYPE_SA_BEER,,,,,,,DATASOURCE_GISAHLVA,World Drink Trends (WDT) 1980-1999; Center for Disease Prevention and Control (SPKC) 2000-2020,,5.17,,,,,,5.2,,,EN,2024-08-11T22:00:00.000Z
SA_0000001400,"Alcohol, recorded per capita (15+) consumption (in litres of pure alcohol), by beverage type",numeric,EUR,Europe,Country,LVA,Latvia,Year,2019,false,Beverage Types,Spirits,ALCOHOLTYPE_SA_SPIRITS,,,,,,,DATASOURCE_GISAHLVA,World Drink Trends (WDT) 1980-1999; Center for Disease Prevention and Control (SPKC) 2000-2020,,5.23,,,,,,5.2,,,EN,2024-08-11T22:00:00.000Z
SA_0000001400,"Alcohol, recorded per capita (15+) consumption (in litres of pure alcohol), by beverage type",numeric,EUR,Europe,Country,BIH,Bosnia and Herzegovina,Year,2019,false,Beverage Types,All types,ALCOHOLTYPE_SA_TOTAL,,,,,,,DATASOURCE_GISAHBIH,"Food and Agriculture Organization of the UN (FAO) 1987-1999; merged (GlobalData, IWSR, OIV) 2000-2020",,5.33,,,,,,5.3,,,EN,2024-08-11T22:00:00.000Z
SA_0000001400,"Alcohol, recorded per capita (15+) consumption (in litres of pure alcohol), by beverage type",numeric,EUR,Europe,Country,ROU,Romania,Year,2019,false,Beverage Types,Beer,ALCOHOLTYPE_SA_BEER,,,,,,,DATASOURCE_GISAHROU,World Drink Trends (WDT) 1963-1999; National Institute of Statistics 2000-2020,,5.3,,,,,,5.3,,,EN,2024-08-11T22:00:00.000Z
SA_0000001400,"Alcohol, recorded per capita (15+) consumption (in litres of pure alcohol), by beverage type",numeric,EUR,Europe,Country,UKR,Ukraine,Year,2019,false,Beverage Types,All types,ALCOHOLTYPE_SA_TOTAL,,,,,,,DATASOURCE_GISAHUKR,"World Drink Trends (WDT) 1975, 1980-1990; Food and Agriculture Organization of the UN (FAO) 1991-1999; merged (GlobalData, IWSR, OIV, Statistics Ukraine) 2000-2020",,5.53,,,,,,5.5,,,EN,2024-08-11T22:00:00.000Z
SA_0000001400,"Alcohol, recorded per capita (15+) consumption (in litres of pure alcohol), by beverage type",numeric,EUR,Europe,Country,DEU,Germany,Year,2019,false,Beverage Types,Beer,ALCOHOLTYPE_SA_BEER,,,,,,,DATASOURCE_GISAHDEU,World Drink Trends (WDT) 1961-1990; Federal Statistical Office (Destasis) 1991-1999; WHO Global Survey on Alcohol and Health 2000-2004; Federal Statistical Office (Destasis) 2005-2010; Federal Office for Information Security (BSI) 2011-2020,,5.61,,,,,,5.6,,,EN,2024-08-11T22:00:00.000Z
SA_0000001400,"Alcohol, recorded per capita (15+) consumption (in litres of pure alcohol), by beverage type",numeric,EUR,Europe,Country,POL,Poland,Year,2019,false,Beverage Types,Beer,ALCOHOLTYPE_SA_BEER,,,,,,,DATASOURCE_GISAHPOL,World Drink Trends (WDT) 1961-1999; WHO Global Survey on Alcohol and Health 2000-2004; Statistics Poland 2005-2020,,5.81,,,,,,5.8,,,EN,2024-08-11T22:00:00.000Z
SA_0000001400,"Alcohol, recorded per capita (15+) consumption (in litres of pure alcohol), by beverage type",numeric,EUR,Europe,Country,PRT,Portugal,Year,2019,false,Beverage Types,Wine,ALCOHOLTYPE_SA_WINE,,,,,,,DATASOURCE_GISAHPRT,World Drink Trends (WDT) 1963-1999; Statistics Portugal 2000-2020,,5.91,,,,,,5.9,,,EN,2024-08-11T22:00:00.000Z
SA_0000001400,"Alcohol, recorded per capita (15+) consumption (in litres of pure alcohol), by beverage type",numeric,EUR,Europe,Country,NOR,Norway,Year,2019,false,Beverage Types,All types,ALCOHOLTYPE_SA_TOTAL,,,,,,,DATASOURCE_GISAHNOR,"World Drink Trends (WDT) 1961-1966; Norwegian Institute for Alcohol and Drug Research (SIRUS) 1967-1980; Statistics Norway 1981-1999; WHO Global Survey on Alcohol and Health 2000-2004, Statistics Norway 2005-2020",,6.02,,,,,,6,,,EN,2024-08-11T22:00:00.000Z
SA_0000001400,"Alcohol, recorded per capita (15+) consumption (in litres of pure alcohol), by beverage type",numeric,EUR,Europe,Country,AUT,Austria,Year,2019,false,Beverage Types,Beer,ALCOHOLTYPE_SA_BEER,,,,,,,DATASOURCE_GISAHAUT,Food and Agriculture Organization of the UN (FAO) 1960-1962; World Dink Trends (WDT) 1963-1999; Handbook on Alcohol 2000-2020,,6.17,,,,,,6.2,,,EN,2024-08-11T22:00:00.000Z
SA_0000001400,"Alcohol, recorded per capita (15+) consumption (in litres of pure alcohol), by beverage type",numeric,EUR,Europe,Country,MDA,Republic of Moldova,Year,2019,false,Beverage Types,All types,ALCOHOLTYPE_SA_TOTAL,,,,,,,DATASOURCE_GISAHMDA,"Food and Agriculture Organization of the UN (FAO) 1992-1999; merged (GlobalData, IWSR, OIV, Statistical Yearbook of the Republic of Moldova) 2000-2020",,6.34,,,,,,6.3,,,EN,2024-08-11T22:00:00.000Z
SA_0000001400,"Alcohol, recorded per capita (15+) consumption (in litres of pure alcohol), by beverage type",numeric,EUR,Europe,Country,FRA,France,Year,2019,false,Beverage Types,Wine,ALCOHOLTYPE_SA_WINE,,,,,,,DATASOURCE_GISAHFRA,World Drink Trends (WDT) 1961-1999; National Institute of Statistics and Economic Studies / French Monitoring Centre for Drugs and Drug Addiction (OFTD) 2000-2020,,6.51,,,,,,6.5,,,EN,2024-08-11T22:00:00.000Z
SA_0000001400,"Alcohol, recorded per capita (15+) consumption (in litres of pure alcohol), by beverage type",numeric,EUR,Europe,Country,GRC,Greece,Year,2019,false,Beverage Types,All types,ALCOHOLTYPE_SA_TOTAL,,,,,,,DATASOURCE_GISAHGRC,"World Drink Trends (WDT) 1961-1999; merged (GlobalData, IWSR, OIV) 2000-2020",,6.62,,,,,,6.6,,,EN,2024-08-11T22:00:00.000Z
SA_0000001400,"Alcohol, recorded per capita (15+) consumption (in litres of pure alcohol), by beverage type",numeric,EUR,Europe,Country,CZE,Czechia,Year,2019,false,Beverage Types,Beer,ALCOHOLTYPE_SA_BEER,,,,,,,DATASOURCE_GISAHCZE,World Drink Trends  (WDT) 1993-1999; Czech Statistical Office 2000-2020,,6.81,,,,,,6.8,,,EN,2024-08-11T22:00:00.000Z
SA_0000001400,"Alcohol, recorded per capita (15+) consumption (in litres of pure alcohol), by beverage type",numeric,EUR,Europe,Country,RUS,Russian Federation,Year,2019,false,Beverage Types,All types,ALCOHOLTYPE_SA_TOTAL,,,,,,,DATASOURCE_GISAHRUS,World Drink Trends (WDT) 1963-1999; Russian Statistical Office (ROSSTAT) 2000-2020,,7.11,,,,,,7.1,,,EN,2024-08-11T22:00:00.000Z
SA_0000001400,"Alcohol, recorded per capita (15+) consumption (in litres of pure alcohol), by beverage type",numeric,EUR,Europe,Country,SWE,Sweden,Year,2019,false,Beverage Types,All types,ALCOHOLTYPE_SA_TOTAL,,,,,,,DATASOURCE_GISAHSWE,World Drink Trends (WDT) 1961-1999; Central Association for Alcohol and Drug Information 2000-2020,,7.12,,,,,,7.1,,,EN,2024-08-11T22:00:00.000Z
SA_0000001400,"Alcohol, recorded per capita (15+) consumption (in litres of pure alcohol), by beverage type",numeric,EUR,Europe,Country,GEO,Georgia,Year,2019,false,Beverage Types,All types,ALCOHOLTYPE_SA_TOTAL,,,,,,,DATASOURCE_GISAHGEO,"Food and Agriculture Organization of the UN (FAO) 1990-1999; merged (GlobalData, IWSR, OIV) 2000-2020",,7.64,,,,,,7.6,,,EN,2024-08-11T22:00:00.000Z
SA_0000001400,"Alcohol, recorded per capita (15+) consumption (in litres of pure alcohol), by beverage type",numeric,EUR,Europe,Country,ITA,Italy,Year,2019,false,Beverage Types,All types,ALCOHOLTYPE_SA_TOTAL,,,,,,,DATASOURCE_GISAHITA,World Drink Trends (WDT) 1961-1999; Assobirra 2000-2004; WHO Global Survey on Alcohol and Health 2005-2014; AssoBirra 2015-2020,,7.59,,,,,,7.6,,,EN,2024-08-11T22:00:00.000Z
SA_0000001400,"Alcohol, recorded per capita (15+) consumption (in litres of pure alcohol), by beverage type",numeric,EUR,Europe,Country,ISL,Iceland,Year,2019,false,Beverage Types,All types,ALCOHOLTYPE_SA_TOTAL,,,,,,,DATASOURCE_GISAHISL,World Drink Trends  (WDT) 1961-1999; Statistics Iceland 2000-2020,,7.66,,,,,,7.7,,,EN,2024-08-11T22:00:00.000Z
SA_0000001400,"Alcohol, recorded per capita (15+) consumption (in litres of pure alcohol), by beverage type",numeric,EUR,Europe,Country,CYP,Cyprus,Year,2019,false,Beverage Types,All types,ALCOHOLTYPE_SA_TOTAL,,,,,,,DATASOURCE_GISAHCYP,World Drink Trends  (WDT) 1961-1999; Statistics Cyprus 2000-2020,,7.93,,,,,,7.9,,,EN,2024-08-11T22:00:00.000Z
SA_0000001400,"Alcohol, recorded per capita (15+) consumption (in litres of pure alcohol), by beverage type",numeric,EUR,Europe,Country,FIN,Finland,Year,2019,false,Beverage Types,All types,ALCOHOLTYPE_SA_TOTAL,,,,,,,DATASOURCE_GISAHFIN,National Research and Development Centre for Welfare and Health (STAKES) 1961-1989; Statistics Finland 1990-2020,,8.32,,,,,,8.3,,,EN,2024-08-11T22:00:00.000Z
SA_0000001400,"Alcohol, recorded per capita (15+) consumption (in litres of pure alcohol), by beverage type",numeric,EUR,Europe,Country,NLD,Netherlands (Kingdom of the),Year,2019,false,Beverage Types,All types,ALCOHOLTYPE_SA_TOTAL,,,,,,,DATASOURCE_GISAHNLD,World Drink Trends (WDT) 1961-1999; STAP Dutch Institute for Alcohol Policy 2000-2020,,8.29,,,,,,8.3,,,EN,2024-08-11T22:00:00.000Z
SA_0000001400,"Alcohol, recorded per capita (15+) consumption (in litres of pure alcohol), by beverage type",numeric,EUR,Europe,Country,MLT,Malta,Year,2019,false,Beverage Types,All types,ALCOHOLTYPE_SA_TOTAL,,,,,,,DATASOURCE_GISAHMLT,"Food and Agriculture Organization of the UN (FAO) 1961-1987; World Drink Trends (WDT) 1988-1999; merged (GlobalData, IWSR, OIV) 2000-2020",,9.04,,,,,,9,,,EN,2024-08-11T22:00:00.000Z
SA_0000001400,"Alcohol, recorded per capita (15+) consumption (in litres of pure alcohol), by beverage type",numeric,EUR,Europe,Country,BEL,Belgium,Year,2019,false,Beverage Types,All types,ALCOHOLTYPE_SA_TOTAL,,,,,,,DATASOURCE_GISAHBEL,"World Drink Trend (WDT) 1963-1999; FAO 2000-2007; merged (Belgium Tax Administration Department, WHO Global Survey on Alcohol and Health) 2008-2020",,9.22,,,,,,9.2,,,EN,2024-08-11T22:00:00.000Z
SA_0000001400,"Alcohol, recorded per capita (15+) consumption (in litres of pure alcohol), by beverage type",numeric,EUR,Europe,Country,DNK,Denmark,Year,2019,false,Beverage Types,All types,ALCOHOLTYPE_SA_TOTAL,,,,,,,DATASOURCE_GISAHDNK,World Drink Trends  (WDT) 1961-1989; Statistics Denmark 1990-2020,,9.23,,,,,,9.2,,,EN,2024-08-11T22:00:00.000Z
SA_0000001400,"Alcohol, recorded per capita (15+) consumption (in litres of pure alcohol), by beverage type",numeric,EUR,Europe,Country,CHE,Switzerland,Year,2019,false,Beverage Types,All types,ALCOHOLTYPE_SA_TOTAL,,,,,,,DATASOURCE_GISAHCHE,World Drink Trends (WDT) 1961-1999; Federal Customs Administration 2000-2020,,9.25,,,,,,9.2,,,EN,2024-08-11T22:00:00.000Z
SA_0000001400,"Alcohol, recorded per capita (15+) consumption (in litres of pure alcohol), by beverage type",numeric,EUR,Europe,Country,GBR,United Kingdom of Great Britain and Northern Ireland,Year,2019,false,Beverage Types,All types,ALCOHOLTYPE_SA_TOTAL,,,,,,,DATASOURCE_GISAHGBR,World Drink Trends (WDT) 1961-1999; HM Revenue and Customs 2000-2020,,9.84,,,,,,9.8,,,EN,2024-08-11T22:00:00.000Z
